date,field,fertilizer,plot,fungi,block,plot_fungi,number_of_plants,fresh_weight_shoot,subsample_beforedrying_shoot,subsample_afterdrying_shoot,percentage_dry_substance_shoot,dry_weight_shoot,dry_weight_corn_cobs,dry_weight_total,comment,weight_beforedrying_kernels,weight_afterdrying_kernels,percentage_dry_substance_kernels,percentage_water_kernels,kernelweight_400,number_kernels,thousand_kernel_weight,notes
27.08.18,F01,NK,NK1,CTL,1,NK1_CTL,5,350,224.5,75.2,0.335,117.238,71.7,188.9383073,2 sehr kleine Kolben,45.6,43.3,0.949561404,0.050438596,NA,NA,NA,
27.08.18,F01,NK,NK2,CTL,2,NK2_CTL,5,410,201.9,72.7,0.360,147.632,99.2,246.8324913,2 kleine Kolben,66,63.2,0.957575758,0.042424242,NA,NA,NA,
27.08.18,F01,NK,NK3,CTL,3,NK3_CTL,5,370,193.1,66.6,0.345,127.613,118.4,246.0126359,2 kleine Kolben,85.4,82,0.960187354,0.039812646,NA,NA,NA,
27.08.18,F01,NK,NK4,CTL,4,NK4_CTL,4,320,158.3,55.4,0.350,111.990,82.8,194.7898926,2 sehr kleine Kolben,57,54,0.947368421,0.052631579,NA,NA,NA,
27.08.18,F01,NK,NK5,CTL,5,NK5_CTL,6,260,113.6,61.2,0.539,140.070,121.6,261.6704225,2 kleine Kolben,91.8,87.1,0.948801743,0.051198257,NA,NA,NA,
27.08.18,F01,NK,NK6,CTL,6,NK6_CTL,7,370,175.2,65.3,0.373,137.905,123.9,261.8052511,2 kleine Kolben,92.7,88,0.949298813,0.050701187,NA,NA,NA,
27.08.18,F01,NK,NK7,CTL,7,NK7_CTL,7,350,174,59.5,0.342,119.684,20.3,139.983908,nur 1 sehr kleiner Kolben. Tabelle: keine/kleine Kolben??,0.4,0.4,1,0,NA,NA,NA,
27.08.18,F01,NK,NK8,CTL,8,NK8_CTL,6,250,129.1,48,0.372,92.951,0,92.95120062,Keine Kolben (auf Feldtabelle auch 0),0,0,0,NA,NA,NA,NA,
27.08.18,F01,NPK,NPK1,CTL,1,NPK1_CTL,8,370,201.9,68.3,0.338,125.166,57.1,182.2659237,1 sehr kleiner und ein winziger Kolben,33.1,31.4,0.948640483,0.051359517,NA,NA,NA,
27.08.18,F01,NPK,NPK2,CTL,2,NPK2_CTL,7,330,180,60.9,0.338,111.650,93.6,205.25,2 kleine Kolben,66.7,63.3,0.949025487,0.050974513,NA,NA,NA,
27.08.18,F01,NPK,NPK3,CTL,3,NPK3_CTL,8,330,172.2,61.3,0.356,117.474,0,117.4738676,Keine Kolben (auf Feldtabelle auch 0),0,0,0,NA,NA,NA,NA,
27.08.18,F01,NPK,NPK4,CTL,4,NPK4_CTL,7,290,126.4,49.7,0.393,114.027,55,169.0268987,2 sehr kleine Kolben,32.5,30.9,0.950769231,0.049230769,NA,NA,NA,
27.08.18,F01,NPK,NPK5,CTL,5,NPK5_CTL,5,420,177.1,64.3,0.363,152.490,48.2,200.6901186,nur 1 kleiner Kolben,28.1,26.8,0.953736655,0.046263345,NA,NA,NA,
27.08.18,F01,NPK,NPK6,CTL,6,NPK6_CTL,7,360,162.7,64.6,0.397,142.938,68,210.9379226,2 sehr kleine Kolben,45.5,43.5,0.956043956,0.043956044,NA,NA,NA,
27.08.18,F01,NPK,NPK7,CTL,7,NPK7_CTL,7,360,187.9,66.5,0.354,127.408,65.3,192.7081958,1 sehr kleiner und ein winziger Kolben,39.3,37.2,0.946564885,0.053435115,NA,NA,NA,
27.08.18,F01,NPK,NPK8,CTL,8,NPK8_CTL,6,340,166.4,66.8,0.401,136.490,120.7,257.1903846,2 kleine Kolben,89,54.4,0.611235955,0.388764045,84.4,385,219.2207792,
27.08.18,F01,NK,NK1,AMF,1,NK1_AMF,9,280,111.8,44.3,0.396,110.948,NA,NA,"nur 1 kleiner Kolben (74.9), auf Tabelle sind 2 notiert",51.3,48.7,0.949317739,0.050682261,NA,NA,NA,
27.08.18,F01,NK,NK2,AMF,2,NK2_AMF,7,410,192.2,65.3,0.340,139.298,52.6,191.8976067,2 sehr kleine Kolben,28.4,26.9,0.947183099,0.052816901,NA,NA,NA,
27.08.18,F01,NK,NK3,AMF,3,NK3_AMF,7,310,156.8,64.8,0.413,128.112,109.6,237.7122449,2 kleine Kolben,80.1,75.9,0.947565543,0.052434457,69.1,400,172.75,
27.08.18,F01,NK,NK4,AMF,4,NK4_AMF,7,290,152.8,63.4,0.415,120.327,130.9,251.2272251,1 kleiner und ein mittlerer Kolben,96,92,0.958333333,0.041666667,NA,NA,NA,
27.08.18,F01,NK,NK5,AMF,5,NK5_AMF,6,390,175.7,62.1,0.353,137.843,100.6,238.4429141,2 kleine Kolben,71.4,67.7,0.948179272,0.051820728,66.7,321,207.788162,
27.08.18,F01,NK,NK6,AMF,6,NK6_AMF,6,320,180.9,65.7,0.363,116.219,NA,NA,"nur 1 winziger Kolben (23.3 g), auf Tabelle sind 2 notiert",5,4.8,0.96,0.04,NA,NA,NA,
27.08.18,F01,NK,NK7,AMF,7,NK7_AMF,5,570,265.5,83.5,0.315,179.266,0,179.2655367,Keine Kolben (auf Feldtabelle auch 0),0,0,0,NA,NA,NA,NA,
27.08.18,F01,NK,NK8,AMF,8,NK8_AMF,4,390,208.1,73.8,0.355,138.309,48,186.3085055,2 sehr kleine Kolben,26.3,24.8,0.942965779,0.057034221,NA,NA,NA,
27.08.18,F01,NPK,NPK1,AMF,1,NPK1_AMF,6,450,229.5,79.3,0.346,155.490,150.8,306.2901961,1 kleiner und ein mittlerer Kolben,113.2,108.7,0.96024735,0.03975265,96.2,400,240.5,
27.08.18,F01,NPK,NPK2,AMF,2,NPK2_AMF,6,380,202.7,74.5,0.368,139.665,53.7,193.3645289,2 sehr kleine Kolben,29.5,27.9,0.945762712,0.054237288,NA,NA,NA,
27.08.18,F01,NPK,NPK3,AMF,3,NPK3_AMF,NA,200,84.7,45.7,0.540,107.910,75.3,183.2102715,2 kleine Kolben,52.1,49.3,0.946257198,0.053742802,NA,NA,NA,
27.08.18,F01,NPK,NPK4,AMF,4,NPK4_AMF,5,390,205.5,78.9,0.384,149.737,0,149.7372263,Keine Kolben (auf Feldtabelle auch 0),0,0,0,NA,NA,NA,NA,
27.08.18,F01,NPK,NPK5,AMF,5,NPK5_AMF,7,420,194.00,68.70,0.354,148.732,NA,NA,"nur 1 kleiner Kolben (56.6), auf Tabelle nicht notiert, dass nur 1",34.20,32.50,0.950292398,0.049707602,NA,NA,NA,
27.08.18,F01,NPK,NPK6,AMF,6,NPK6_AMF,7,360,181.7,69.3,0.381,137.303,32,169.3032471,nur 1 sehr kleiner Kolben,12.6,12.2,0.968253968,0.031746032,NA,NA,NA,
27.08.18,F01,NPK,NPK7,AMF,7,NPK7_AMF,6,420,191.9,61.2,0.319,133.945,59.6,193.5447629,nur 1 kleiner Kolben,38.5,36.4,0.945454545,0.054545455,NA,NA,NA,
27.08.18,F01,NPK,NPK8,AMF,8,NPK8_AMF,6,380,190.2,67,0.352,133.859,63.4,197.2590957,nur 1 kleiner Kolben,41.9,39.7,0.947494033,0.052505967,NA,NA,NA,
05.09.18,F04,NK,NK1,CTL,1,NK1_CTL,6,550,225.4,89,0.395,217.169,375.3,592.4694765,1 grosser Stiel,302.7,289.3,0.955731748,0.044268252,123,400,307.5,
05.09.18,F04,NK,NK2,CTL,2,NK2_CTL,7,410,195.3,82.4,0.422,172.985,277.5,450.485151,,246.7,235.7,0.955411431,0.044588569,109.1,400,272.75,
05.09.18,F04,NK,NK3,CTL,3,NK3_CTL,6,340,150.9,69.6,0.461,156.819,253.2,410.0190855,,201.4,192.1,0.953823237,0.046176763,97.3,400,243.25,
05.09.18,F04,NK,NK4,CTL,4,NK4_CTL,NA,NA,NA,NA,NA,NA,NA,NA,,NA,NA,NA,NA,NA,NA,NA,Plot wurde bereits vom Bauern geerntet
05.09.18,F04,NK,NK5,CTL,5,NK5_CTL,7,NA,NA,NA,NA,NA,NA,NA,,NA,NA,NA,NA,NA,NA,NA,"Wurde nicht geerntet, da nur zwei intakte Pflanzen, am Rand"
05.09.18,F04,NK,NK6,CTL,6,NK6_CTL,7,380,152.9,70.8,0.463,175.958,272,447.9581426,1 grosser Stiel,209.9,200.1,0.953311101,0.046688899,101.4,400,253.5,
05.09.18,F04,NK,NK7,CTL,7,NK7_CTL,7,570,246.1,94.8,0.385,219.569,365.9,585.4692808,1 grosser Stiel,260.9,250.3,0.959371407,0.040628593,117,400,292.5,
05.09.18,F04,NK,NK8,CTL,8,NK8_CTL,7,610,254.9,92.8,0.364,222.079,362.5,584.5792468,2 grosse Stiele,284.5,272.7,0.958523726,0.041476274,119.3,400,298.25,
05.09.18,F04,NPK,NPK1,CTL,1,NPK1_CTL,NA,NA,NA,NA,NA,NA,NA,NA,,NA,NA,NA,NA,NA,NA,NA,
05.09.18,F04,NPK,NPK2,CTL,2,NPK2_CTL,7,270,89.8,43.9,0.489,131.993,245.5,377.4933185,,188.6,179.5,0.951749735,0.048250265,100.9,400,252.25,
05.09.18,F04,NPK,NPK3,CTL,3,NPK3_CTL,8,120,54.5,42.6,0.782,93.798,149.6,243.3981651,2 kleine Kolben,111.6,106.1,0.950716846,0.049283154,76.3,400,190.75,
05.09.18,F04,NPK,NPK4,CTL,4,NPK4_CTL,7,220,107.6,69.6,0.647,142.305,265,407.3048327,,206.6,197,0.953533398,NA,97.5,400,243.75,
05.09.18,F04,NPK,NPK5,CTL,5,NPK5_CTL,7,490,233.3,99.7,0.427,209.400,302.5,511.8999143,,234.9,225.6,0.960408685,0.039591315,103.1,400,257.75,
05.09.18,F04,NPK,NPK6,CTL,6,NPK6_CTL,7,550,226.3,90.4,0.399,219.708,362.9,582.6083517,1 grosser Stiel,283.5,272.6,0.961552028,0.038447972,113.1,400,282.75,
05.09.18,F04,NPK,NPK7,CTL,7,NPK7_CTL,8,470,171,71,0.415,195.146,327.1,522.2461988,2 grosse Stiele,257.5,246.1,0.955728155,0.044271845,108.1,400,270.25,
05.09.18,F04,NPK,NPK8,CTL,8,NPK8_CTL,7,450,227.2,92.7,0.408,183.605,343.9,527.5047535,"1 grosser Stiel, 1 sehr grosser Stiel",262,251.2,0.958778626,0.041221374,117,400,292.5,
05.09.18,F04,NK,NK1,AMF,1,NK1_AMF,7,460,175.7,79.2,0.451,207.353,294.1,501.4534434,,240.5,230.2,0.957172557,0.042827443,105.5,400,263.75,
05.09.18,F04,NK,NK2,AMF,2,NK2_AMF,5,310,140,64.8,0.463,143.486,305.7,449.1857143,1 grosser Stiel,237.4,228.2,0.961246841,0.038753159,104.3,400,260.75,
05.09.18,F04,NK,NK3,AMF,3,NK3_AMF,7,530,218,84.3,0.387,204.950,403.6,608.5495413,2 grosse Stiele,313.7,301.2,0.960153012,0.039846988,118.4,400,296,
05.09.18,F04,NK,NK4,AMF,4,NK4_AMF,NA,NA,NA,NA,NA,NA,NA,NA,,NA,NA,NA,NA,NA,NA,NA,
05.09.18,F04,NK,NK5,AMF,5,NK5_AMF,7,490,117.6,78.8,0.670,328.333,342.1,670.4333333,,271.2,259.5,0.956858407,0.043141593,113.4,400,283.5,
05.09.18,F04,NK,NK6,AMF,6,NK6_AMF,7,390,148.5,67,0.451,175.960,264.3,440.259596,1 grosser Stiel,204,194.8,0.954901961,0.045098039,107.1,400,267.75,
05.09.18,F04,NK,NK7,AMF,7,NK7_AMF,7,380,187.4,82.1,0.438,166.478,271.8,438.2781217,,210.9,201.1,0.95353248,0.04646752,102,400,255,
05.09.18,F04,NK,NK8,AMF,8,NK8_AMF,7,380,167.1,76.7,0.459,174.423,320.7,495.1225015,1 grosser Stiel,254.2,242.6,0.95436664,0.04563336,108.4,400,271,
05.09.18,F04,NPK,NPK1,AMF,1,NPK1_AMF,7,480,223.5,95.9,0.429,205.960,NA,NA,"nur 1 Kolben (185.8 g). Feldtabelle: ""One cob missing"".",144.9,138.4,0.955141477,0.044858523,116.3,400,290.75,3 plants were cut by the farmer
05.09.18,F04,NPK,NPK2,AMF,2,NPK2_AMF,8,510,210.2,89.1,0.424,216.180,319.1,535.2798287,,255.1,244.1,0.956879655,0.043120345,115.2,400,288,
05.09.18,F04,NPK,NPK3,AMF,3,NPK3_AMF,6,550,189,83.5,0.442,242.989,369.4,612.389418,1 grosser Stiel,291.9,278.8,0.955121617,0.044878383,123.9,400,309.75,
05.09.18,F04,NPK,NPK4,AMF,4,NPK4_AMF,7,450,182,79.3,0.436,196.071,344.8,540.8714286,,274.2,263.7,0.961706783,NA,112.1,400,280.25,
05.09.18,F04,NPK,NPK5,AMF,5,NPK5_AMF,6,430,171.4,80.2,0.468,201.202,318.5,519.701867,,260,249.5,0.959615385,0.040384615,110.7,400,276.75,
05.09.18,F04,NPK,NPK6,AMF,6,NPK6_AMF,6,NA,NA,NA,NA,NA,NA,NA,,NA,NA,NA,NA,NA,NA,NA,Wurde nicht geerntet?
05.09.18,F04,NPK,NPK7,AMF,7,NPK7_AMF,6,430,194.9,80.4,0.413,177.383,341.8,519.1832735,2 grosse Stiele,264,253,0.958333333,0.041666667,109.2,400,273,
05.09.18,F04,NPK,NPK8,AMF,8,NPK8_AMF,7,500,202.7,78.4,0.387,193.389,305.3,498.6892452,,238,227.7,0.956722689,0.043277311,118.8,400,297,
27.08.18,F05,NK,NK1,CTL,1,NK1_CTL,6,630,196.2,76.2,0.388,244.679,365.6,610.2788991,2 grosse Stiele,278.3,268,0.96298958,0.03701042,121.8,400,304.5,
27.08.18,F05,NK,NK2,CTL,2,NK2_CTL,NA,NA,NA,NA,NA,NA,NA,NA,,NA,NA,NA,NA,NA,NA,NA,
27.08.18,F05,NK,NK3,CTL,3,NK3_CTL,6,720,242.4,77.4,0.319,229.901,342.9,572.8009901,2 grosse Stiele,264.5,254,0.960302457,0.039697543,118.9,400,297.25,
27.08.18,F05,NK,NK4,CTL,4,NK4_CTL,6,570,209.6,75.6,0.361,205.592,304,509.5916031,2 grosse Stiele,231.5,222,0.958963283,NA,100.3,400,250.75,
27.08.18,F05,NK,NK5,CTL,5,NK5_CTL,5,650,233,81.5,0.350,227.361,341.2,568.560515,2 grosse Stiele,248.9,239.3,0.961430293,0.038569707,109.9,400,274.75,
27.08.18,F05,NK,NK6,CTL,6,NK6_CTL,8,750,272.2,90.5,0.332,249.357,359.7,609.0570904,,293,282.4,0.963822526,0.036177474,119.2,400,298,
27.08.18,F05,NK,NK7,CTL,7,NK7_CTL,6,660,211.4,74.7,0.353,233.217,323.2,556.4166509,2 sehr grosse Stiele,235.4,226.5,0.962192014,0.037807986,95.2,400,238,
27.08.18,F05,NK,NK8,CTL,8,NK8_CTL,6,670,221.9,79.8,0.360,240.946,365.6,606.5463722,2 grosse Stiele,277,265.9,0.959927798,0.040072202,114.7,400,286.75,
27.08.18,F05,NPK,NPK1,CTL,1,NPK1_CTL,7,660,243.2,78.3,0.322,212.492,311.7,524.1917763,1 sehr grosser Stiel,238.3,229,0.960973563,0.039026437,117.2,400,293,
27.08.18,F05,NPK,NPK2,CTL,2,NPK2_CTL,6,650,245.8,86.7,0.353,229.272,358.1,587.3717657,2 grosse Stiele,272.9,262.4,0.961524368,0.038475632,111,400,277.5,
27.08.18,F05,NPK,NPK3,CTL,3,NPK3_CTL,7,360,149.8,61.2,0.409,147.076,234.5,381.5761015,2 grosse Stiele,179.5,172,0.95821727,0.04178273,95.1,400,237.75,
27.08.18,F05,NPK,NPK4,CTL,4,NPK4_CTL,7,720,226.6,76.7,0.338,243.707,360.3,604.0069726,1 grosser Stiel,276.4,265.2,0.959479016,NA,129.5,400,323.75,
27.08.18,F05,NPK,NPK5,CTL,5,NPK5_CTL,7,550,187.9,72,0.383,210.750,297.7,508.4503991,2 grosse Stiele,220.8,211.8,0.95923913,0.04076087,101.4,400,253.5,
27.08.18,F05,NPK,NPK6,CTL,6,NPK6_CTL,8,650,282.1,91.3,0.324,210.369,330.7,541.0686636,,261.1,251.4,0.962849483,0.037150517,107.9,400,269.75,
27.08.18,F05,NPK,NPK7,CTL,7,NPK7_CTL,8,570,206.2,77.6,0.376,214.510,275.5,490.0101843,,219.2,210.5,0.960310219,0.039689781,104.6,400,261.5,
27.08.18,F05,NPK,NPK8,CTL,8,NPK8_CTL,7,650,260.1,88.4,0.340,220.915,311.2,532.1150327,2 grosse Stiele,235,226.2,0.962553191,0.037446809,107.5,400,268.75,
27.08.18,F05,NK,NK1,AMF,1,NK1_AMF,7,690,225.7,76.9,0.341,235.095,321.1,556.1952592,1 grosser Stiel,244.9,235.8,0.962841976,0.037158024,111.7,400,279.25,
27.08.18,F05,NK,NK2,AMF,2,NK2_AMF,7,740,291.9,92,0.315,233.231,374.3,607.5305584,2 grosse Stiele,289.8,279.6,0.964803313,0.035196687,121,400,302.5,
27.08.18,F05,NK,NK3,AMF,3,NK3_AMF,9,580,243.3,88.4,0.363,210.736,225.9,436.6357172,1 grosser Stiel,158,151.6,0.959493671,0.040506329,84.6,400,211.5,
27.08.18,F05,NK,NK4,AMF,4,NK4_AMF,6,540,231.2,81,0.350,189.187,273.9,463.0868512,2 grosse Stiele,212.4,204.6,0.963276836,NA,106.7,400,266.75,
27.08.18,F05,NK,NK5,AMF,5,NK5_AMF,6,660,301.2,94.8,0.315,207.729,347.6,555.3290837,,278.8,268.2,0.961979914,0.038020086,117.4,400,293.5,
27.08.18,F05,NK,NK6,AMF,6,NK6_AMF,6,630,219.2,82.3,0.375,236.537,262.1,498.6374088,1 grosser Stiel,188.4,180.4,0.957537155,0.042462845,80,400,200,
27.08.18,F05,NK,NK7,AMF,7,NK7_AMF,7,600,255.7,81.2,0.318,190.536,324.2,514.7357841,2 grosse Stiele,239.6,230.4,0.961602671,0.038397329,112.8,400,282,
27.08.18,F05,NK,NK8,AMF,8,NK8_AMF,7,320,122.7,51.5,0.420,134.311,244,378.3113284,"1 grosser Stiel, 1 kleiner Kolben",183.4,175.3,0.955834242,0.044165758,116.1,400,290.25,
27.08.18,F05,NPK,NPK1,AMF,1,NPK1_AMF,7,630,220.9,76.8,0.348,219.031,410.2,629.2312359,"plus 1 kleiner Kolben, 2 grosse Stiele",319.9,308.1,0.963113473,0.036886527,122.3,400,305.75,
27.08.18,F05,NPK,NPK2,AMF,2,NPK2_AMF,6,550,226.3,80.6,0.356,195.890,354.4,550.290411,1 grosser Stiel,275.4,265.1,0.962599855,0.037400145,118.9,400,297.25,
27.08.18,F05,NPK,NPK3,AMF,3,NPK3_AMF,8,510,252.8,89.2,0.353,179.953,267.7,447.6525316,,207.9,200.1,0.962481962,0.037518038,107.5,400,268.75,
27.08.18,F05,NPK,NPK4,AMF,4,NPK4_AMF,8,400,165.2,64.3,0.389,155.690,296.1,451.7900726,2 grosse Stiele,224,216,0.964285714,NA,105.2,400,263,
27.08.18,F05,NPK,NPK5,AMF,5,NPK5_AMF,7,990,366.7,111.4,0.304,300.753,364.9,665.6526588,,290,280,0.965517241,0.034482759,132.2,400,330.5,
27.08.18,F05,NPK,NPK6,AMF,6,NPK6_AMF,7,670,252.9,84.7,0.335,224.393,386.2,610.5930407,2 grosse Stiele,297.7,286.5,0.962378233,0.037621767,132,400,330,
27.08.18,F05,NPK,NPK7,AMF,7,NPK7_AMF,5,730,266.3,91.2,0.342,250.004,422.2,672.2037552,2 sehr grosse Stiele,322.8,302.7,0.937732342,0.062267658,130.6,400,326.5,
27.08.18,F05,NPK,NPK8,AMF,8,NPK8_AMF,9,520,186.6,70.1,0.376,195.348,272.7,468.0483387,1 grosser Stiel,207,199.1,0.961835749,0.038164251,101.6,400,254,
29.08.18,F06,NK,NK1,CTL,1,NK1_CTL,7,350,143.2,65.1,0.455,159.113,256.3,415.4131285,,193.8,185.8,0.95872033,0.04127967,95.5,400,238.75,
29.08.18,F06,NK,NK2,CTL,2,NK2_CTL,7,190,77.1,51.7,0.671,127.406,210.4,337.8059663,Keine Notiz auf Feldtabelle,161.9,155.2,0.95861643,0.04138357,90.3,400,225.75,Wurde sehr spät gehäckselt!
29.08.18,F06,NK,NK3,CTL,3,NK3_CTL,5,360,195.2,77.2,0.395,142.377,257.4,399.7770492,,197.3,188.9,0.957425241,0.042574759,101.7,400,254.25,
29.08.18,F06,NK,NK4,CTL,4,NK4_CTL,6,400,179.1,67.3,0.376,150.307,273,423.307091,,211.9,202.9,0.957527135,NA,106.8,400,267,
29.08.18,F06,NK,NK5,CTL,5,NK5_CTL,6,470,209.9,76.3,0.364,170.848,314.5,485.3480229,,245.1,233.9,0.954304366,0.045695634,111.8,400,279.5,
29.08.18,F06,NK,NK6,CTL,6,NK6_CTL,NA,NA,NA,NA,NA,NA,NA,NA,,NA,NA,NA,NA,NA,NA,NA,"Eigentlich 6 Pflanzen, aber alle geknickt, also keine Ernte"
29.08.18,F06,NK,NK7,CTL,7,NK7_CTL,6,380,172.7,71.8,0.416,157.985,285,442.984945,,216,206.8,0.957407407,0.042592593,112.5,400,281.25,
29.08.18,F06,NK,NK8,CTL,8,NK8_CTL,4,440,210.5,77.1,0.366,161.159,292,453.1591449,,224.5,215.5,0.959910913,0.040089087,114.1,400,285.25,
29.08.18,F06,NPK,NPK1,CTL,1,NPK1_CTL,6,260,113.8,47.6,0.418,108.752,146.2,254.9521968,1 kleiner und ein sehr kleiner Kolben,109.6,105,0.958029197,0.041970803,95.3,400,238.25,
29.08.18,F06,NPK,NPK2,CTL,2,NPK2_CTL,6,400,222.8,85.2,0.382,152.962,288.2,441.162298,,224.9,215.4,0.957759004,0.042240996,102.1,400,255.25,
29.08.18,F06,NPK,NPK3,CTL,3,NPK3_CTL,6,420,166.4,60.8,0.365,153.462,282.7,436.1615385,,220.2,211.2,0.959128065,0.040871935,104.2,400,260.5,
29.08.18,F06,NPK,NPK4,CTL,4,NPK4_CTL,7,310,122.4,50.9,0.416,128.913,218.4,347.3133987,,170.5,163.2,0.957184751,NA,95.8,400,239.5,
29.08.18,F06,NPK,NPK5,CTL,5,NPK5_CTL,6,450,206,71.8,0.349,156.845,304.2,461.0446602,2 grosse Stiele,232.3,222.1,0.956091261,0.043908739,113.7,400,284.25,
29.08.18,F06,NPK,NPK6,CTL,6,NPK6_CTL,4,430,202.2,75,0.371,159.496,310,469.495549,,241.2,230.1,0.9539801,0.0460199,108.7,400,271.75,
29.08.18,F06,NPK,NPK7,CTL,7,NPK7_CTL,NA,NA,NA,NA,NA,NA,NA,NA,,NA,NA,NA,NA,NA,NA,NA,
29.08.18,F06,NPK,NPK8,CTL,8,NPK8_CTL,6,560,233.6,75.7,0.324,181.473,312.6,494.0726027,,243.6,232.9,0.956075534,0.043924466,117.7,400,294.25,
29.08.18,F06,NK,NK1,AMF,1,NK1_AMF,6,330,150.1,61,0.406,134.111,205.4,339.5105929,,161.6,155.5,0.962252475,0.037747525,98.1,400,245.25,
29.08.18,F06,NK,NK2,AMF,2,NK2_AMF,7,400,220.3,87,0.395,157.966,261.9,419.8664094,1 grosser Stiel,201.6,192.2,0.953373016,0.046626984,98.9,400,247.25,
29.08.18,F06,NK,NK3,AMF,3,NK3_AMF,7,290,136.1,68.6,0.504,146.172,209.3,355.4719324,2 mittlere Stiele,160.5,153.9,0.958878505,0.041121495,87.4,400,218.5,
29.08.18,F06,NK,NK4,AMF,4,NK4_AMF,7,400,194.6,80.5,0.414,165.468,298.3,463.7676259,,234.6,224.8,0.958226769,NA,107.8,400,269.5,
29.08.18,F06,NK,NK5,AMF,5,NK5_AMF,5,320,160.1,64.1,0.400,128.120,224,352.119925,,172.3,165,0.957632037,0.042367963,97.6,400,244,
29.08.18,F06,NK,NK6,AMF,6,NK6_AMF,3,490,256.8,89.1,0.347,170.012,331.9,501.9116822,,251,240.5,0.958167331,0.041832669,110.7,400,276.75,"Eine der geernteten Pflanzen war am Rand. Ausserdem möglicherweise nicht repräsentativ, wenn man nur die Wahl aus 3 Pflanzen hatte"
29.08.18,F06,NK,NK7,AMF,7,NK7_AMF,7,270,118.5,61.8,0.522,140.810,258.8,399.6101266,,202.2,193.8,0.958456973,0.041543027,101.7,400,254.25,
29.08.18,F06,NK,NK8,AMF,8,NK8_AMF,6,350,150.7,64.7,0.429,150.265,264.9,415.165428,,210.2,201,0.95623216,0.04376784,102,400,255,
29.08.18,F06,NPK,NPK1,AMF,1,NPK1_AMF,8,330,191,71.6,0.375,123.707,148.7,272.4068063,1 sehr kleiner Kolben (148.7g). Auf Feldtabelle: 2 Kolben. Also einer davon klein.,105.9,101.2,0.955618508,0.044381492,97.9,400,244.75,
29.08.18,F06,NPK,NPK2,AMF,2,NPK2_AMF,6,370,156,63.1,0.404,149.660,242.4,392.0602564,,189,181.6,0.960846561,0.039153439,96.9,400,242.25,
29.08.18,F06,NPK,NPK3,AMF,3,NPK3_AMF,6,350,169.2,69,0.408,142.730,239.3,382.0304965,,184.6,177.1,0.959371614,0.040628386,101.1,400,252.75,
29.08.18,F06,NPK,NPK4,AMF,4,NPK4_AMF,8,380,190.1,73.9,0.389,147.722,256.2,403.9222514,,200.8,192.5,0.958665339,NA,106.2,400,265.5,
29.08.18,F06,NPK,NPK5,AMF,5,NPK5_AMF,6,380,158.2,67.8,0.429,162.857,259.3,422.1571429,,205.6,197.3,0.95963035,0.04036965,96.2,400,240.5,
29.08.18,F06,NPK,NPK6,AMF,6,NPK6_AMF,7,370,173.4,64.4,0.371,137.416,268.3,405.7163783,,212.2,202.1,0.952403393,0.047596607,101.5,400,253.75,
29.08.18,F06,NPK,NPK7,AMF,7,NPK7_AMF,6,470,174.8,63.5,0.363,170.738,288,458.7379863,,226.7,217.5,0.959417733,0.040582267,104.9,400,262.25,"Beim NA, Pflanzen geknickt und entsprechend nicht geerntet"
29.08.18,F06,NPK,NPK8,AMF,8,NPK8_AMF,6,380,177.3,72,0.406,154.315,276.9,431.2147208,,215.3,205.6,0.954946586,0.045053414,105,400,262.5,
22.08.18,F07,NK,NK1,CTL,1,NK1_CTL,NA,NA,NA,NA,NA,NA,NA,NA,Zivi hat gewogen,NA,NA,NA,NA,NA,NA,NA,
22.08.18,F07,NK,NK2,CTL,2,NK2_CTL,5,410,192.2,68.9,0.358,146.977,148.8,295.7771072,"""",104.6,99.4,0.950286807,0.049713193,77.4,400,193.5,
22.08.18,F07,NK,NK3,CTL,3,NK3_CTL,6,350,169.8,58.8,0.346,121.201,68.8,190.0014134,"""",41.8,39.8,0.95215311,0.04784689,40.5,175,231.4285714,
22.08.18,F07,NK,NK4,CTL,4,NK4_CTL,7,280,134.3,47.7,0.355,99.449,84.7,184.1489948,"""",54.4,51.8,0.952205882,NA,52.3,257,203.5019455,
22.08.18,F07,NK,NK5,CTL,5,NK5_CTL,5,330,170.9,58.9,0.345,113.733,134.8,248.5331773,"""",96.2,91.7,0.953222453,0.046777547,90.3,400,225.75,
22.08.18,F07,NK,NK6,CTL,6,NK6_CTL,5,300,112.8,52.1,0.462,138.564,179.3,317.8638298,"""",133.4,126.9,0.951274363,0.048725637,82,400,205,
22.08.18,F07,NK,NK7,CTL,7,NK7_CTL,7,300,135.5,46.6,0.344,103.173,76.9,180.0734317,"""",49.6,47.3,0.953629032,0.046370968,47.6,238,200,
22.08.18,F07,NK,NK8,CTL,8,NK8_CTL,7,440,196.9,68,0.345,151.955,210.1,362.0553073,"""",152,144.6,0.951315789,0.048684211,88,400,220,
22.08.18,F07,NPK,NPK1,CTL,1,NPK1_CTL,7,320,126.6,56.4,0.445,142.559,217.8,360.3592417,"""",166.2,158.5,0.953670277,0.046329723,81.1,400,202.75,
22.08.18,F07,NPK,NPK2,CTL,2,NPK2_CTL,6,410,216.2,65.6,0.303,124.403,106.3,230.7033302,"""",72.5,69.2,0.954482759,0.045517241,67.8,321,211.2149533,
22.08.18,F07,NPK,NPK3,CTL,3,NPK3_CTL,5,250,98.2,40,0.407,101.833,31.9,133.7329939,Keine Notiz auf Feldtabelle,11.5,10.7,0.930434783,0.069565217,10.6,55,192.7272727,
22.08.18,F07,NPK,NPK4,CTL,4,NPK4_CTL,6,360,120.9,44.5,0.368,132.506,150.2,282.7062035,"""",109.6,104.4,0.952554745,NA,78.8,400,197,
22.08.18,F07,NPK,NPK5,CTL,5,NPK5_CTL,5,280,110.2,39.3,0.357,99.855,82,181.8548094,"""",54.5,51.6,0.946788991,0.053211009,53,255,207.8431373,
22.08.18,F07,NPK,NPK6,CTL,6,NPK6_CTL,6,510,239,71.3,0.298,152.146,205,357.1464435,"""",153.9,146.7,0.953216374,0.046783626,90.5,400,226.25,
22.08.18,F07,NPK,NPK7,CTL,7,NPK7_CTL,7,320,164.4,51.9,0.316,101.022,72.6,173.6218978,"""",43.7,41.7,0.95423341,0.04576659,42.1,209,201.4354067,
22.08.18,F07,NPK,NPK8,CTL,8,NPK8_CTL,6,360,140.4,46.5,0.331,119.231,124.1,243.3307692,"""",86.8,82.8,0.953917051,0.046082949,82.7,372,222.311828,
22.08.18,F07,NK,NK1,AMF,1,NK1_AMF,NA,NA,NA,NA,NA,NA,NA,NA,"""",NA,NA,NA,NA,NA,NA,NA,
22.08.18,F07,NK,NK2,AMF,2,NK2_AMF,6,360,138.4,51.6,0.373,134.220,36.4,170.6196532,Keine Notiz auf Feldtabelle,12.7,12,0.94488189,0.05511811,12.4,73,169.8630137,
22.08.18,F07,NK,NK3,AMF,3,NK3_AMF,7,520,168.9,61.1,0.362,188.111,229.6,417.7113085,"""",176.6,168.4,0.953567384,0.046432616,90.5,400,226.25,
22.08.18,F07,NK,NK4,AMF,4,NK4_AMF,7,270,118.3,47.9,0.405,109.324,144.4,253.7237532,"""",105.2,100.2,0.952471483,NA,83.2,400,208,
22.08.18,F07,NK,NK5,AMF,5,NK5_AMF,7,420,130.3,54,0.414,174.060,207.1,381.1598619,"""",152.7,145.1,0.950229208,0.049770792,98.9,400,247.25,
22.08.18,F07,NK,NK6,AMF,6,NK6_AMF,5,410,213.4,71.9,0.337,138.140,231.5,369.6396439,"""",177.2,169.2,0.954853273,0.045146727,94.2,400,235.5,
22.08.18,F07,NK,NK7,AMF,7,NK7_AMF,7,NA,NA,NA,NA,NA,NA,NA,"""",NA,NA,NA,NA,NA,NA,NA,
22.08.18,F07,NK,NK8,AMF,8,NK8_AMF,6,360,152.3,55.2,0.362,130.479,194.3,324.7793171,"""",145.9,138.9,0.952021933,0.047978067,79.2,400,198,
22.08.18,F07,NPK,NPK1,AMF,1,NPK1_AMF,5,310,153,50.8,0.332,102.928,55.4,158.3281046,Keine Notiz auf Feldtabelle,31.1,29.6,0.951768489,0.048231511,30.4,194,156.7010309,
22.08.18,F07,NPK,NPK2,AMF,2,NPK2_AMF,6,340,120.7,47.1,0.390,132.676,180.6,313.2760563,"""",135.4,129.2,0.954209749,0.045790251,87.4,400,218.5,
22.08.18,F07,NPK,NPK3,AMF,3,NPK3_AMF,NA,NA,NA,NA,NA,NA,NA,NA,"""",NA,NA,NA,NA,NA,NA,NA,
22.08.18,F07,NPK,NPK4,AMF,4,NPK4_AMF,7,560,275,91,0.331,185.309,259.6,444.9090909,"""",195.1,185.9,0.952844695,NA,97,400,242.5,
22.08.18,F07,NPK,NPK5,AMF,5,NPK5_AMF,7,390,246.8,83,0.336,131.159,203.1,334.2588331,"""",153.1,146.1,0.95427825,0.04572175,98.1,400,245.25,
22.08.18,F07,NPK,NPK6,AMF,6,NPK6_AMF,6,410,253.3,75.7,0.299,122.531,157.8,280.3305961,"""",115.5,110.1,0.953246753,0.046753247,84.2,400,210.5,
22.08.18,F07,NPK,NPK7,AMF,7,NPK7_AMF,6,400,151.4,54.8,0.362,144.782,205.5,350.2820343,"""",154.3,146.9,0.952041478,0.047958522,89.3,400,223.25,
22.08.18,F07,NPK,NPK8,AMF,8,NPK8_AMF,6,370,146.5,53.3,0.364,134.614,189.8,324.4143345,"""",142.2,135.8,0.954992968,0.045007032,93.2,400,233,
22.08.18,F08,NK,NK1,CTL,1,NK1_CTL,6,380,158.2,58.4,0.369,140.278,182.5,322.778129,Zivi hat gewogen,134.4,129,0.959821429,0.040178571,79.4,400,198.5,
22.08.18,F08,NK,NK2,CTL,2,NK2_CTL,5,520,242.1,65.3,0.270,140.256,214.9,355.1560925,"""",160.7,154.3,0.960174238,0.039825762,89.8,400,224.5,
22.08.18,F08,NK,NK3,CTL,3,NK3_CTL,6,580,210.9,58.9,0.279,161.982,239.9,401.881982,"""",178.2,171,0.95959596,0.04040404,87,400,217.5,
22.08.18,F08,NK,NK4,CTL,4,NK4_CTL,7,580,203.7,59.6,0.293,169.701,136.7,306.40054,"""",94.8,91,0.959915612,NA,89.4,400,223.5,
22.08.18,F08,NK,NK5,CTL,5,NK5_CTL,6,380,148,53.8,0.364,138.135,168.1,306.2351351,"""",120.6,116.1,0.962686567,0.037313433,77.7,400,194.25,
22.08.18,F08,NK,NK6,CTL,6,NK6_CTL,6,380,171,63.4,0.371,140.889,189.3,330.1888889,"""",139.6,134.3,0.962034384,0.037965616,83.6,400,209,
22.08.18,F08,NK,NK7,CTL,7,NK7_CTL,5,440,187.6,59,0.314,138.380,184,322.3795309,"""",134.4,128.9,0.959077381,0.040922619,88.1,400,220.25,
22.08.18,F08,NK,NK8,CTL,8,NK8_CTL,5,440,227.7,68.4,0.300,132.174,135.1,267.273913,"""",93,89.5,0.962365591,0.037634409,87,400,217.5,
22.08.18,F08,NPK,NPK1,CTL,1,NPK1_CTL,6,430,152,51.7,0.340,146.257,201.2,347.4565789,"""",151.8,146.2,0.963109354,0.036890646,87.6,400,219,
22.08.18,F08,NPK,NPK2,CTL,2,NPK2_CTL,5,370,156.7,52.5,0.335,123.963,185.4,309.3629866,"""",137.3,132.1,0.96212673,0.03787327,87.2,400,218,
22.08.18,F08,NPK,NPK3,CTL,3,NPK3_CTL,7,470,171.2,60.1,0.351,164.994,276,440.9941589,"""",211,202.9,0.961611374,0.038388626,99.8,400,249.5,
22.08.18,F08,NPK,NPK4,CTL,4,NPK4_CTL,6,480,160.9,56.9,0.354,169.745,272.6,442.3451833,"""",208,199.9,0.961057692,NA,89.2,400,223,
22.08.18,F08,NPK,NPK5,CTL,5,NPK5_CTL,6,330,155.2,59.3,0.382,126.089,227.9,353.9889175,"""",173.4,166.7,0.961361015,0.038638985,90.1,400,225.25,
22.08.18,F08,NPK,NPK6,CTL,6,NPK6_CTL,6,340,154,55.6,0.361,122.753,178.2,300.9532468,"""",132,127.2,0.963636364,0.036363636,91.7,400,229.25,
22.08.18,F08,NPK,NPK7,CTL,7,NPK7_CTL,6,410,143.4,56,0.391,160.112,239.8,399.911576,"""",179.8,173.5,0.964961068,0.035038932,99.4,400,248.5,
22.08.18,F08,NPK,NPK8,CTL,8,NPK8_CTL,6,410,140,52.4,0.374,153.457,194.1,347.5571429,"""",144.5,139.1,0.962629758,0.037370242,96.6,400,241.5,
22.08.18,F08,NK,NK1,AMF,1,NK1_AMF,4,690,248.2,73.2,0.295,203.497,296.7,500.1971797,"""",223.1,214.4,0.961004034,0.038995966,94.5,400,236.25,
22.08.18,F08,NK,NK2,AMF,2,NK2_AMF,5,560,223.3,62.7,0.281,157.241,230.4,387.6413793,"""",169.9,163.5,0.962330783,0.037669217,90.1,400,225.25,
22.08.18,F08,NK,NK3,AMF,3,NK3_AMF,5,590,250.6,75.2,0.300,177.047,266.6,443.647087,"""",204.1,196.2,0.961293484,0.038706516,90.5,400,226.25,
22.08.18,F08,NK,NK4,AMF,4,NK4_AMF,5,440,160.6,53.9,0.336,147.671,202.5,350.1712329,"""",145.4,139.3,0.958046768,NA,84.4,400,211,
22.08.18,F08,NK,NK5,AMF,5,NK5_AMF,6,290,102.2,51.9,0.508,147.270,177.2,324.4700587,"""",129.1,124,0.96049574,0.03950426,84.2,400,210.5,
22.08.18,F08,NK,NK6,AMF,6,NK6_AMF,6,560,266.3,81.6,0.306,171.596,262.1,433.6959444,"""",201.6,193.8,0.961309524,0.038690476,92.2,400,230.5,
22.08.18,F08,NK,NK7,AMF,7,NK7_AMF,7,400,162,53.2,0.328,131.358,151.9,283.2580247,"""",109.5,105.2,0.960730594,0.039269406,82.7,400,206.75,
22.08.18,F08,NK,NK8,AMF,8,NK8_AMF,6,460,205.6,65.3,0.318,146.099,180.1,326.1992218,"""",134,128.8,0.96119403,0.03880597,85.3,400,213.25,
22.08.18,F08,NPK,NPK1,AMF,1,NPK1_AMF,6,580,221.4,64.1,0.290,167.922,253.6,421.5223126,"""",183.5,176.2,0.960217984,0.039782016,97.2,400,243,
22.08.18,F08,NPK,NPK2,AMF,2,NPK2_AMF,NA,NA,NA,NA,NA,NA,NA,NA,"""",NA,NA,NA,NA,NA,NA,NA,
22.08.18,F08,NPK,NPK3,AMF,3,NPK3_AMF,6,610,262.4,79.6,0.303,185.046,227.9,412.9457317,"""",158.3,152.1,0.96083386,0.03916614,93.5,400,233.75,
22.08.18,F08,NPK,NPK4,AMF,4,NPK4_AMF,7,510,173.6,54.5,0.314,160.109,265.2,425.309447,"""",202.5,194.5,0.960493827,NA,98.8,400,247,
22.08.18,F08,NPK,NPK5,AMF,5,NPK5_AMF,6,300,154.5,66.8,0.432,129.709,242.7,372.4087379,"""",184.5,177.7,0.963143631,0.036856369,91,400,227.5,
22.08.18,F08,NPK,NPK6,AMF,6,NPK6_AMF,6,410,188.2,69.9,0.371,152.279,252.5,404.7794899,"""",194.1,186.8,0.96239052,0.03760948,89.6,400,224,
22.08.18,F08,NPK,NPK7,AMF,7,NPK7_AMF,5,650,244.3,78.6,0.322,209.128,335.9,545.0281212,"""",256.3,246.9,0.963324229,0.036675771,101.2,400,253,
22.08.18,F08,NPK,NPK8,AMF,8,NPK8_AMF,5,450,165.9,54.4,0.328,147.559,214.8,362.3587703,"""",159.9,153.9,0.962476548,0.037523452,91.1,400,227.75,
05.09.18,F09,NK,NK1,CTL,1,NK1_CTL,5,370,163.3,57.9,0.355,131.188,NA,NA,(144.6 g) Ein Kolben sehr klein und abgenagt / nicht ausgebildet,105.5,100.4,0.951658768,0.048341232,100.6,400,251.5,
05.09.18,F09,NK,NK2,CTL,2,NK2_CTL,5,330,158.4,56.5,0.357,117.708,112.2,229.9083333,2 kleine Kolben,74.6,70.9,0.950402145,0.049597855,71.7,292,245.5479452,
05.09.18,F09,NK,NK3,CTL,3,NK3_CTL,5,440,173.3,61.3,0.354,155.638,274.1,429.7376226,,218.5,207.5,0.949656751,0.050343249,105.8,400,264.5,
05.09.18,F09,NK,NK4,CTL,4,NK4_CTL,6,640,349.9,117.7,0.336,215.284,352.4,567.684367,,272.3,260.4,0.956298201,NA,129.3,400,323.25,
05.09.18,F09,NK,NK5,CTL,5,NK5_CTL,6,520,258.6,85.8,0.332,172.529,265.7,438.2290023,2 grosse plus 1 sehr kleiner Kolben,195.8,185.7,0.948416752,0.051583248,124.8,400,312,
05.09.18,F09,NK,NK6,CTL,6,NK6_CTL,6,490,208.9,71.3,0.341,167.243,137.4,304.6426999,2 kleine Kolben,98.8,93.8,0.949392713,0.050607287,95,366,259.5628415,
05.09.18,F09,NK,NK7,CTL,7,NK7_CTL,9,410,154.5,60.1,0.389,159.489,220.7,380.1886731,1 kleiner Kolben,162.2,153.9,0.948828607,0.051171393,120.8,400,302,ein Spindel und Körneransätze rot 
05.09.18,F09,NK,NK8,CTL,8,NK8_CTL,8,390,132.1,51.1,0.387,150.863,225.8,376.6629826,1 kleiner Kolben,172.1,164.5,0.955839628,0.044160372,116.3,400,290.75,
05.09.18,F09,NPK,NPK1,CTL,1,NPK1_CTL,3,690,278.4,86.5,0.311,214.386,352.6,566.9857759,,283.8,272.7,0.960887949,0.039112051,122.9,400,307.25,"All three in the ""center"" of the plot, not edge. "
05.09.18,F09,NPK,NPK2,CTL,2,NPK2_CTL,5,560,241.9,82.5,0.341,190.988,308.4,499.3880116,,246.3,235.2,0.954933009,0.045066991,120.7,400,301.75,
05.09.18,F09,NPK,NPK3,CTL,3,NPK3_CTL,6,490,176.8,58.8,0.333,162.964,306.2,469.1638009,,239,226.8,0.948953975,0.051046025,118.8,400,297,
05.09.18,F09,NPK,NPK4,CTL,4,NPK4_CTL,6,420,223.5,78,0.349,146.577,276.4,422.9771812,,213.3,203.2,0.952648851,NA,118.9,400,297.25,
05.09.18,F09,NPK,NPK5,CTL,5,NPK5_CTL,4,290,124.8,44.5,0.357,103.405,170.9,274.3054487,1 kleiner Kolben,124.3,118.4,0.952534191,0.047465809,102.6,400,256.5,
05.09.18,F09,NPK,NPK6,CTL,6,NPK6_CTL,6,510,190,71.1,0.374,190.847,335,525.8473684,,268.3,255.5,0.95229221,0.04770779,121.4,400,303.5,
05.09.18,F09,NPK,NPK7,CTL,7,NPK7_CTL,3,740,252.6,87.4,0.346,256.041,NA,NA,(202.6 g) Nur ein Kolben. Feldtabelle: One cob eaten by animals,148.3,141.5,0.954146999,0.045853001,118.8,400,297,"The two harvested plants were the only ones fulfilling the harvest criteria (distance from edge,  etc.). Probably not representative?"
05.09.18,F09,NPK,NPK8,CTL,8,NPK8_CTL,7,470,151.3,64.6,0.427,200.674,295.7,496.3741573,,229.3,219,0.95508068,0.04491932,105.8,400,264.5,
05.09.18,F09,NK,NK1,AMF,1,NK1_AMF,7,550,253.2,88.2,0.348,191.588,310.1,501.6876777,,234.7,225.7,0.961653174,0.038346826,121,400,302.5,
05.09.18,F09,NK,NK2,AMF,2,NK2_AMF,8,380,156.7,57.5,0.367,139.438,294.1,433.5384174,,221.5,206.2,0.930925508,0.069074492,106.6,400,266.5,ein Spindel und Körneransätze rot 
05.09.18,F09,NK,NK3,AMF,3,NK3_AMF,NA,NA,NA,NA,NA,NA,NA,NA,,NA,NA,NA,NA,NA,NA,NA,Schaden durch Tiere? Dachs?
05.09.18,F09,NK,NK4,AMF,4,NK4_AMF,6,610,251.4,85.1,0.339,206.488,322.7,529.1876691,,254.9,241.7,0.948214986,NA,121.3,400,303.25,
05.09.18,F09,NK,NK5,AMF,5,NK5_AMF,3,380,173.8,56.2,0.323,122.877,229.7,352.57687,1 kleiner Kolben,173.6,163.1,0.939516129,0.060483871,116.6,400,291.5,Only two plants could be harvestet. Representative?
05.09.18,F09,NK,NK6,AMF,6,NK6_AMF,NA,NA,NA,NA,NA,NA,NA,NA,,NA,NA,NA,NA,NA,NA,NA,Hatte nur Randpflanzen und wurde deshalb nicht geerntet. 
05.09.18,F09,NK,NK7,AMF,7,NK7_AMF,7,480,154.1,53,0.344,165.088,239.8,404.8876055,,181.2,171.9,0.948675497,0.051324503,112.7,400,281.75,
05.09.18,F09,NK,NK8,AMF,8,NK8_AMF,4,NA,NA,NA,NA,NA,NA,NA,,NA,NA,NA,NA,NA,NA,NA,2 plants at border
05.09.18,F09,NPK,NPK1,AMF,1,NPK1_AMF,6,480,250.5,87.3,0.349,167.281,293.6,460.8814371,,230.3,220.1,0.955709944,0.044290056,107.1,400,267.75,
05.09.18,F09,NPK,NPK2,AMF,2,NPK2_AMF,7,310,118.5,46.3,0.391,121.122,202.4,323.5223629,1 kleiner Kolben,155.1,147.1,0.948420374,0.051579626,108.8,400,272,
05.09.18,F09,NPK,NPK3,AMF,3,NPK3_AMF,6,360,158.8,58,0.365,131.486,202.6,334.0861461,,156.7,149.4,0.953414167,0.046585833,97.5,400,243.75,
05.09.18,F09,NPK,NPK4,AMF,4,NPK4_AMF,6,640,238.5,82.7,0.347,221.920,NA,NA,(35.6 g) Nur ein sehr kleiner Kolben. Feldtabelle: Ein Kolben fehlt. Tiere?,16.1,15.5,0.962732919,NA,NA,NA,NA,
05.09.18,F09,NPK,NPK5,AMF,5,NPK5_AMF,6,370,154.3,57.8,0.375,138.600,207.9,346.5001296,,161.6,153.9,0.952351485,0.047648515,97.7,400,244.25,
05.09.18,F09,NPK,NPK6,AMF,6,NPK6_AMF,6,560,253.5,89,0.351,196.607,376.9,573.5074951,,289.7,273.6,0.944425268,0.055574732,119.5,400,298.75,
05.09.18,F09,NPK,NPK7,AMF,7,NPK7_AMF,3,910,307.1,110.9,0.361,328.619,393,721.6193422,,300.8,288.2,0.958111702,0.041888298,130.4,400,326,"Nur zwei Pflanzen, die man ernten konnte. Repräsenativ?"
05.09.18,F09,NPK,NPK8,AMF,8,NPK8_AMF,5,730,231.3,78.3,0.339,247.121,367.5,614.6206226,,290.7,278.3,0.957344341,0.042655659,126.5,400,316.25,
29.08.18,F10,NK,NK1,CTL,1,NK1_CTL,7,350,144,51.2,0.356,124.444,245.4,369.8444444,1 grosser Stiel,194.3,186.5,0.959855893,0.040144107,98.5,400,246.25,
29.08.18,F10,NK,NK2,CTL,2,NK2_CTL,5,390,169.3,60.1,0.355,138.447,304.1,442.5465446,2 grosse Stiele,239.5,230.5,0.962421712,0.037578288,101.1,400,252.75,
29.08.18,F10,NK,NK3,CTL,3,NK3_CTL,6,660,276.2,80.4,0.291,192.122,295,487.121651,,236.7,227.7,0.961977186,0.038022814,107.1,400,267.75,
29.08.18,F10,NK,NK4,CTL,4,NK4_CTL,6,410,186,62,0.333,136.667,234.4,371.0666667,,183.1,176.1,0.961769525,NA,99.7,400,249.25,
29.08.18,F10,NK,NK5,CTL,5,NK5_CTL,5,620,243.4,75.1,0.309,191.298,309.4,500.6982744,1 grosser Stiel,240.4,231.4,0.962562396,0.037437604,100.8,400,252,
29.08.18,F10,NK,NK6,CTL,6,NK6_CTL,6,760,270.9,78.4,0.289,219.948,355.4,575.3483204,2 grosse Stiele,278.3,268.6,0.965145526,0.034854474,115.2,400,288,
29.08.18,F10,NK,NK7,CTL,7,NK7_CTL,6,620,240.7,74.4,0.309,191.641,280.2,471.8410469,2 grosse Stiele,220.7,213,0.96511101,0.03488899,93.5,400,233.75,
29.08.18,F10,NK,NK8,CTL,8,NK8_CTL,6,710,265.6,77.1,0.290,206.103,304.1,510.2031627,,244.1,234.5,0.960671856,0.039328144,105.1,400,262.75,
29.08.18,F10,NPK,NPK1,CTL,1,NPK1_CTL,6,740,303.5,89.3,0.294,217.733,362,579.7331137,2 grosse Stiele,284,273.7,0.963732394,0.036267606,120.9,400,302.25,
29.08.18,F10,NPK,NPK2,CTL,2,NPK2_CTL,6,590,260.3,72.5,0.279,164.330,237.9,402.2296197,,188.2,180.4,0.958554729,0.041445271,97.6,400,244,
29.08.18,F10,NPK,NPK3,CTL,3,NPK3_CTL,6,500,228.4,75,0.328,164.186,254.5,418.6856392,1 grosser Stiel,202.5,194.7,0.961481481,0.038518519,94.6,400,236.5,
29.08.18,F10,NPK,NPK4,CTL,4,NPK4_CTL,6,500,220,73.5,0.334,167.045,251.1,418.1454545,1 grosser Stiel,194.3,186.5,0.959855893,NA,102.9,400,257.25,
29.08.18,F10,NPK,NPK5,CTL,5,NPK5_CTL,7,720,288.3,88.3,0.306,220.520,345.3,565.8202914,1 grosser Stiel,275.8,264.6,0.959390863,0.040609137,109.8,400,274.5,
29.08.18,F10,NPK,NPK6,CTL,6,NPK6_CTL,5,760,299.8,87.7,0.293,222.322,370.6,592.9215477,2 mittlere Stiele,298.4,286.7,0.960790885,0.039209115,112.8,400,282,
29.08.18,F10,NPK,NPK7,CTL,7,NPK7_CTL,6,810,324.8,106.3,0.327,265.095,269.1,534.1954433,1 grosser Stiel,197.4,189.6,0.960486322,0.039513678,119.7,400,299.25,"Geerntete Pflanzen eher gegen Rand hin, da der Rest geknickt war."
29.08.18,F10,NPK,NPK8,CTL,8,NPK8_CTL,6,640,235.4,76.7,0.326,208.530,286.5,495.0301614,2 grosse Stiele,221.5,212.2,0.958013544,0.041986456,100,400,250,
29.08.18,F10,NK,NK1,AMF,1,NK1_AMF,7,620,222.1,71.4,0.321,199.316,344.5,543.8156236,1 grosser Stiel,274.7,264.4,0.96250455,0.03749545,110.3,400,275.75,
29.08.18,F10,NK,NK2,AMF,2,NK2_AMF,7,670,265.1,82.1,0.310,207.495,350.4,557.8952848,2 grosse Stiele,272.3,262.2,0.962908557,0.037091443,106.7,400,266.75,
29.08.18,F10,NK,NK3,AMF,3,NK3_AMF,5,310,131.6,50.7,0.385,119.430,280,399.4300912,1 grosser Stiel,217.5,209,0.96091954,0.03908046,98.5,400,246.25,
29.08.18,F10,NK,NK4,AMF,4,NK4_AMF,5,550,266.1,86.6,0.325,178.993,324.4,503.3928598,,256.3,247,0.963714397,NA,109.1,400,272.75,
29.08.18,F10,NK,NK5,AMF,5,NK5_AMF,6,690,260.7,82.6,0.317,218.619,324.7,543.3191024,1 grosser Stiel,256.7,247.2,0.962991819,0.037008181,107.1,400,267.75,
29.08.18,F10,NK,NK6,AMF,6,NK6_AMF,6,400,145.3,52.7,0.363,145.079,254.9,399.9791466,1 grosser Stiel,200.9,193.2,0.961672474,0.038327526,100.2,400,250.5,
29.08.18,F10,NK,NK7,AMF,7,NK7_AMF,8,590,266.1,81.1,0.305,179.816,275.3,455.1158587,plus 1 winziger Kolben,211.9,203.7,0.961302501,0.038697499,114.2,400,285.5,Viele der Pflanzen waren geknickt.
29.08.18,F10,NK,NK8,AMF,8,NK8_AMF,7,600,231,79.5,0.344,206.494,331.7,538.1935065,,265.8,255.1,0.959744169,0.040255831,101.9,400,254.75,
29.08.18,F10,NPK,NPK1,AMF,1,NPK1_AMF,6,670,269.5,78.6,0.292,195.406,314.1,509.506308,,253.2,243.8,0.962875197,0.037124803,113.1,400,282.75,
29.08.18,F10,NPK,NPK2,AMF,2,NPK2_AMF,6,470,250.9,80.2,0.320,150.235,251.9,402.1351534,2 grosse Stiele,191.3,184.7,0.965499216,0.034500784,92.3,400,230.75,
29.08.18,F10,NPK,NPK3,AMF,3,NPK3_AMF,5,280,114.1,44.8,0.393,109.939,178.6,288.5386503,,134.3,129.2,0.962025316,0.037974684,92.8,400,232,
29.08.18,F10,NPK,NPK4,AMF,4,NPK4_AMF,6,690,310,98.2,0.317,218.574,389.9,608.4741935,2 grosse Stiele,312.4,300.5,0.96190781,NA,114.9,400,287.25,
29.08.18,F10,NPK,NPK5,AMF,5,NPK5_AMF,7,520,181.3,64.9,0.358,186.145,327.3,513.4445119,2 grosse Stiele,261.9,251.5,0.960290187,0.039709813,110.1,400,275.25,
29.08.18,F10,NPK,NPK6,AMF,6,NPK6_AMF,7,530,210.7,72.1,0.342,181.362,331.8,513.1621262,,263.5,252.5,0.958254269,0.041745731,109.5,400,273.75,"1 Pflanze ok, 1 Pflanze vom Rand. Rest war genickt. Repräsenativ?"
29.08.18,F10,NPK,NPK7,AMF,7,NPK7_AMF,6,400,132.5,45.8,0.346,138.264,200.5,338.7641509,,149.3,143.8,0.96316142,0.03683858,102.2,400,255.5,
29.08.18,F10,NPK,NPK8,AMF,8,NPK8_AMF,6,560,252,84.5,0.335,187.778,295.1,482.8777778,,235.7,226.5,0.960967331,0.039032669,95.7,400,239.25,
28.08.18,F12,NK,NK1,CTL,1,NK1_CTL,5,410,144.7,69.3,0.479,196.358,236.2,432.557982,,181.9,175.2,0.963166575,0.036833425,87.5,400,218.75,
28.08.18,F12,NK,NK2,CTL,2,NK2_CTL,6,230,110.8,43.4,0.392,90.090,87,177.0902527,"(87.0 g) 2 winizige Kolben, einer mit Schimmel",55.8,53.3,0.955197133,0.044802867,54,302,178.807947,
28.08.18,F12,NK,NK3,CTL,3,NK3_CTL,5,610,230.9,82,0.355,216.631,326.6,543.230576,,252.5,243.2,0.963168317,0.036831683,105.5,400,263.75,
28.08.18,F12,NK,NK4,CTL,4,NK4_CTL,4,500,216.5,81.6,0.377,188.453,291.4,479.8526559,,229.7,219.9,0.957335655,NA,102.6,400,256.5,
28.08.18,F12,NK,NK5,CTL,5,NK5_CTL,7,590,238.4,87.6,0.367,216.795,293.2,509.995302,,228,218.9,0.960087719,0.039912281,110.8,400,277,
28.08.18,F12,NK,NK6,CTL,6,NK6_CTL,7,440,200.2,80.6,0.403,177.143,318.3,495.4428571,,251.4,240.7,0.957438345,0.042561655,108.1,400,270.25,
28.08.18,F12,NK,NK7,CTL,7,NK7_CTL,6,580,181.2,84.1,0.464,269.194,337.7,606.8942605,,260.2,249.7,0.959646426,0.040353574,110.9,400,277.25,
28.08.18,F12,NK,NK8,CTL,8,NK8_CTL,7,460,164.4,71.6,0.436,200.341,270.7,471.0406326,,209.9,202.9,0.966650786,0.033349214,100.7,400,251.75,
28.08.18,F12,NPK,NPK1,CTL,1,NPK1_CTL,6,380,160.5,76.4,0.476,180.885,314.5,495.3847352,,242,233.3,0.964049587,0.035950413,105.5,400,263.75,
28.08.18,F12,NPK,NPK2,CTL,2,NPK2_CTL,6,380,160,70.8,0.443,168.150,285.4,453.55,,225.2,215.4,0.956483126,0.043516874,105.4,400,263.5,
28.08.18,F12,NPK,NPK3,CTL,3,NPK3_CTL,6,550,188.1,81.2,0.432,237.427,324.8,562.2269006,,250.9,241.1,0.960940614,0.039059386,115.2,400,288,
28.08.18,F12,NPK,NPK4,CTL,4,NPK4_CTL,8,460,179.5,67,0.373,171.699,190.1,361.7991643,,147.7,142.2,0.962762356,NA,101.6,400,254,
28.08.18,F12,NPK,NPK5,CTL,5,NPK5_CTL,7,420,166.7,69.9,0.419,176.113,357.6,533.7127774,,280.4,269,0.959343795,0.040656205,111.9,400,279.75,
28.08.18,F12,NPK,NPK6,CTL,6,NPK6_CTL,8,470,179.1,71,0.396,186.320,265,451.3204913,,207.4,198.5,0.957087753,0.042912247,106,400,265,
28.08.18,F12,NPK,NPK7,CTL,7,NPK7_CTL,6,510,255.4,90,0.352,179.718,318.3,498.0180893,,249,238.6,0.958232932,0.041767068,108.3,400,270.75,Drei der Pflanzen waren geknickt und wurden nicht gewählt. 
28.08.18,F12,NPK,NPK8,CTL,8,NPK8_CTL,6,540,205.9,74.5,0.362,195.386,254.8,450.1861098,,198,189.9,0.959090909,0.040909091,108.2,400,270.5,
28.08.18,F12,NK,NK1,AMF,1,NK1_AMF,7,570,246.3,90.5,0.367,209.440,339.6,549.0397077,,270.1,261.5,0.968159941,0.031840059,116.6,400,291.5,3 Kolben
28.08.18,F12,NK,NK2,AMF,2,NK2_AMF,NA,NA,NA,NA,NA,NA,NA,NA,Number of  plants: 2. --> NA!  Rest of Data 0.53; 262; 98.3; 0.375; 0.199; 329.8; 0.5287,250,240.8,0.9632,0.0368,108.7,400,271.75,"äusserste Pflanzen, in der Mitte nichts. Wurde das geerntet? Wenn ja, nicht repräsentativ. 3 Kolben"
28.08.18,F12,NK,NK3,AMF,3,NK3_AMF,7,540,234.3,95,0.405,218.950,379.7,598.650064,,296.3,284.9,0.961525481,0.038474519,115.8,400,289.5,
28.08.18,F12,NK,NK4,AMF,4,NK4_AMF,7,490,181.7,79.9,0.440,215.471,327.5,542.9705559,,253.5,244.2,0.963313609,NA,108.2,400,270.5,
28.08.18,F12,NK,NK5,AMF,5,NK5_AMF,7,400,142,65.8,0.463,185.352,257.2,442.5521127,,202.3,193.2,0.955017301,0.044982699,92.4,400,231,
28.08.18,F12,NK,NK6,AMF,6,NK6_AMF,5,870,271.7,88.2,0.325,282.422,391.5,673.9217887,,302.7,290.8,0.960687149,0.039312851,127.4,400,318.5,
28.08.18,F12,NK,NK7,AMF,7,NK7_AMF,3,840,307.9,103.1,0.335,281.273,376.2,657.4731406,,295.3,283.4,0.959701998,0.040298002,127.1,400,317.75,Repräsentativ?
28.08.18,F12,NK,NK8,AMF,8,NK8_AMF,6,450,185.4,79.9,0.431,193.932,292.4,486.3320388,,226,217.6,0.962831858,0.037168142,105.5,400,263.75,
28.08.18,F12,NPK,NPK1,AMF,1,NPK1_AMF,5,730,198.3,72.2,0.364,265.789,403.9,669.6892083,,323.4,313.1,0.968150897,0.031849103,117.8,400,294.5,
28.08.18,F12,NPK,NPK2,AMF,2,NPK2_AMF,6,740,291.2,101.1,0.347,256.916,424.2,681.1162088,,332.1,318.5,0.959048479,0.040951521,130.2,400,325.5,
28.08.18,F12,NPK,NPK3,AMF,3,NPK3_AMF,7,660,212.7,83.1,0.391,257.856,313.4,571.2561354,,245.8,238,0.968266884,0.031733116,109,400,272.5,
28.08.18,F12,NPK,NPK4,AMF,4,NPK4_AMF,6,420,189,76.1,0.403,169.111,282,451.1111111,,220.5,211.2,0.957823129,NA,97.9,400,244.75,
28.08.18,F12,NPK,NPK5,AMF,5,NPK5_AMF,5,800,247.9,95.4,0.385,307.866,392.1,699.966075,,306.4,296.6,0.968015666,0.031984334,128,400,320,
28.08.18,F12,NPK,NPK6,AMF,6,NPK6_AMF,6,460,176.7,79.9,0.452,208.002,337.3,545.3022637,,266,255.1,0.959022556,0.040977444,111.1,400,277.75,
28.08.18,F12,NPK,NPK7,AMF,7,NPK7_AMF,4,910,273.5,87.4,0.320,290.801,389.4,680.2007313,,296.7,285.1,0.960903269,0.039096731,169.6,400,424,
28.08.18,F12,NPK,NPK8,AMF,8,NPK8_AMF,6,490,173.9,70.8,0.407,199.494,307.2,506.693962,,236.8,227,0.958614865,0.041385135,110.1,400,275.25,
04.09.18,F13,NK,NK1,CTL,1,NK1_CTL,NA,NA,NA,NA,NA,NA,NA,NA,,NA,NA,NA,NA,NA,NA,NA,
04.09.18,F13,NK,NK2,CTL,2,NK2_CTL,6,320,198.2,67.4,0.340,108.819,103.3,212.1193744,2 kleine Kolben,71,68.3,0.961971831,0.038028169,69.5,293,237.2013652,
04.09.18,F13,NK,NK3,CTL,3,NK3_CTL,6,360,152.4,56,0.367,132.283,153.9,286.1834646,1 kleiner und ein mittlerer Kolben,115.6,110.9,0.959342561,0.040657439,101.6,400,254,
04.09.18,F13,NK,NK4,CTL,4,NK4_CTL,5,300,137.8,51.7,0.375,112.554,40.1,152.6544267,(40.1 g) nur 1 kleiner Kolben. Auf Feldtabelle ebenfalls!,19.5,18.7,0.958974359,NA,18.8,85,221.1764706,
04.09.18,F13,NK,NK5,CTL,5,NK5_CTL,5,290,123.6,48.4,0.392,113.560,102.6,216.1598706,2 kleine Kolben,71.3,68.4,0.959326788,0.040673212,67.7,321,210.9034268,
04.09.18,F13,NK,NK6,CTL,6,NK6_CTL,NA,NA,NA,NA,NA,NA,NA,NA,,NA,NA,NA,NA,NA,NA,NA,
04.09.18,F13,NK,NK7,CTL,7,NK7_CTL,NA,NA,NA,NA,NA,NA,NA,NA,,NA,NA,NA,NA,NA,NA,NA,
04.09.18,F13,NK,NK8,CTL,8,NK8_CTL,3,260,126,56.2,0.446,115.968,132.2,248.168254,1 kleiner und ein mittlerer Kolben,97.5,93.6,0.96,0.04,88.8,400,222,
04.09.18,F13,NPK,NPK1,CTL,1,NPK1_CTL,NA,NA,NA,NA,NA,NA,NA,NA,,NA,NA,NA,NA,NA,NA,NA,
04.09.18,F13,NPK,NPK2,CTL,2,NPK2_CTL,NA,NA,NA,NA,NA,NA,NA,NA,Number of  plants: 2. --> NA!  Rest of Data:  0.3; 119.9; 48.2; 0.402; 0.121; 158.9; 0.2795,118.5,112.9,0.952742616,0.047257384,97.2,400,243,
04.09.18,F13,NPK,NPK3,CTL,3,NPK3_CTL,7,290,122,43.7,0.358,103.877,156,259.8770492,1 kleiner und ein mittlerer Kolben,117.3,112.3,0.957374254,0.042625746,101.7,400,254.25,
04.09.18,F13,NPK,NPK4,CTL,4,NPK4_CTL,5,360,114.6,43.1,0.376,135.393,106.2,241.5926702,2 kleine Kolben,74.2,71,0.956873315,NA,70.3,301,233.5548173,
04.09.18,F13,NPK,NPK5,CTL,5,NPK5_CTL,NA,NA,NA,NA,NA,NA,NA,NA,,NA,NA,NA,NA,NA,NA,NA,
04.09.18,F13,NPK,NPK6,CTL,6,NPK6_CTL,6,230,104.5,42.7,0.409,93.981,95.7,189.6808612,2 kleine Kolben,67.2,64.5,0.959821429,0.040178571,64.7,274,236.1313869,
04.09.18,F13,NPK,NPK7,CTL,7,NPK7_CTL,3,180,95.3,39.1,0.410,73.851,59.5,133.3509969,2 kleine Kolben,34.3,32.7,0.95335277,0.04664723,32.7,168,194.6428571,
04.09.18,F13,NPK,NPK8,CTL,8,NPK8_CTL,5,390,173.8,68.4,0.394,153.487,208.2,361.6867664,2 mittlere Kolben,161.5,155.2,0.960990712,0.039009288,103.3,400,258.25,
04.09.18,F13,NK,NK1,AMF,1,NK1_AMF,NA,NA,NA,NA,NA,NA,NA,NA,,NA,NA,NA,NA,NA,NA,NA,
04.09.18,F13,NK,NK2,AMF,2,NK2_AMF,5,370,166.6,57.2,0.343,127.035,150.7,277.7348139,,112.4,107.4,0.955516014,0.044483986,107.4,393,273.2824427,
04.09.18,F13,NK,NK3,AMF,3,NK3_AMF,3,300,105.9,39.7,0.375,112.465,117.9,230.3645892,(117.9 g) nur 1 mittlerer Kolben. Auf Feldtabelle ebenfalls,87.1,83.7,0.960964409,0.039035591,80.2,300,267.3333333,
04.09.18,F13,NK,NK4,AMF,4,NK4_AMF,4,370,174.3,60,0.344,127.367,175.8,303.1666093,1 kleiner Kolben,132.6,127.1,0.95852187,NA,94,400,235,
04.09.18,F13,NK,NK5,AMF,5,NK5_AMF,5,210,97.7,45.6,0.467,98.014,144.9,242.9143296,2 kleine Kolben,107.3,102.5,0.95526561,0.04473439,94.7,400,236.75,
04.09.18,F13,NK,NK6,AMF,6,NK6_AMF,4,290,127.2,47.4,0.373,108.066,112.4,220.4660377,2 kleine Kolben,76.2,73.1,0.959317585,0.040682415,73.4,308,238.3116883,
04.09.18,F13,NK,NK7,AMF,7,NK7_AMF,6,230,93.2,43.2,0.464,106.609,91.3,197.9094421,2 kleine Kolben,56.7,54.4,0.959435626,0.040564374,54.4,250,217.6,ein rötlicher Kolben
04.09.18,F13,NK,NK8,AMF,8,NK8_AMF,5,330,147.9,54.4,0.368,121.379,52.4,173.7793103,2 kleine Kolben,18.1,17.4,0.961325967,0.038674033,17.5,77,227.2727273,
04.09.18,F13,NPK,NPK1,AMF,1,NPK1_AMF,NA,NA,NA,NA,NA,NA,NA,NA,,NA,NA,NA,NA,NA,NA,NA,
04.09.18,F13,NPK,NPK2,AMF,2,NPK2_AMF,NA,370,178,59.4,0.334,123.472,183.8,307.2719101,2 mittlere Kolben,140,134.6,0.961428571,0.038571429,101.6,400,254,
04.09.18,F13,NPK,NPK3,AMF,3,NPK3_AMF,6,370,152.9,49.3,0.322,119.300,116,235.3001962,2 kleine Kolben,81.7,78.4,0.959608323,0.040391677,77.5,336,230.6547619,
04.09.18,F13,NPK,NPK4,AMF,4,NPK4_AMF,5,320,119.1,43.3,0.364,116.339,57.9,174.2392107,(57.9 g) nur ein kleiner Kolben. Auf Feldtabelle ebenfalls,34.8,33.3,0.956896552,NA,33.7,147,229.2517007,nur ein kleiner Kolben
04.09.18,F13,NPK,NPK5,AMF,5,NPK5_AMF,4,260,106.8,43.8,0.410,106.629,113.6,220.2292135,2 kleine Kolben,80.9,77.8,0.961681088,0.038318912,76.4,329,232.218845,
04.09.18,F13,NPK,NPK6,AMF,6,NPK6_AMF,NA,NA,NA,NA,NA,NA,NA,NA,,NA,NA,NA,NA,NA,NA,NA,
04.09.18,F13,NPK,NPK7,AMF,7,NPK7_AMF,5,210,67.8,34.3,0.506,106.239,102.1,208.3389381,2 kleine Kolben,70.4,67.4,0.957386364,0.042613636,68.5,288,237.8472222,
04.09.18,F13,NPK,NPK8,AMF,8,NPK8_AMF,NA,NA,NA,NA,NA,NA,NA,NA,,NA,NA,NA,NA,NA,NA,NA,
21.08.18,F14,NK,NK1,CTL,1,NK1_CTL,NA,310,105.4,48.9,0.464,143.824,168.1,311.9235294,Zivi hat gewogen,118.8,113.8,0.957912458,0.042087542,92.9,400,232.25,
21.08.18,F14,NK,NK2,CTL,2,NK2_CTL,6,210,58.8,41,0.697,146.429,168.3,314.7285714,"""",117,112,0.957264957,0.042735043,68.7,400,171.75,
21.08.18,F14,NK,NK3,CTL,3,NK3_CTL,6,160,60.7,49.6,0.817,130.741,162.8,293.5413509,"""",118,112.8,0.955932203,0.044067797,57.2,400,143,
21.08.18,F14,NK,NK4,CTL,4,NK4_CTL,5,250,90.7,55.1,0.607,151.874,204.1,355.9743109,"""",142.1,136,0.957072484,NA,64.7,400,161.75,
21.08.18,F14,NK,NK5,CTL,5,NK5_CTL,7,240,81.9,52.7,0.643,154.432,195.3,349.7322344,"""",139.7,133.7,0.957050823,0.042949177,62.7,400,156.75,
21.08.18,F14,NK,NK6,CTL,6,NK6_CTL,8,250,109,61.5,0.564,141.055,218,359.0550459,"""",160.9,153.9,0.956494717,0.043505283,85.3,400,213.25,
21.08.18,F14,NK,NK7,CTL,7,NK7_CTL,6,140,49.1,42.7,0.870,121.752,186.3,308.0515275,"""",126.6,121,0.955766193,0.044233807,58.6,400,146.5,
21.08.18,F14,NK,NK8,CTL,8,NK8_CTL,5,220,117.3,78.8,0.672,147.792,261.3,409.0919864,"""",189.7,181.1,0.954665261,0.045334739,73.4,400,183.5,
21.08.18,F14,NPK,NPK1,CTL,1,NPK1_CTL,7,230,92.2,55.8,0.605,139.197,187.8,326.997397,"""",135.1,129.8,0.9607698,0.0392302,72.5,400,181.25,
21.08.18,F14,NPK,NPK2,CTL,2,NPK2_CTL,6,230,106.1,55.8,0.526,120.961,175.7,296.6613572,"""",124.5,118.8,0.954216867,0.045783133,58.6,400,146.5,
21.08.18,F14,NPK,NPK3,CTL,3,NPK3_CTL,6,300,143.8,79,0.549,164.812,227.8,392.6122392,"""",164.2,156.9,0.955542022,0.044457978,71,400,177.5,
21.08.18,F14,NPK,NPK4,CTL,4,NPK4_CTL,NA,280,126.2,71.7,0.568,159.081,219.1,378.1808241,"""",165,158.1,0.958181818,NA,84,400,210,
21.08.18,F14,NPK,NPK5,CTL,5,NPK5_CTL,NA,240,108.6,73.7,0.679,162.873,210.7,373.5729282,"""",152.8,146.2,0.956806283,0.043193717,72.5,400,181.25,
21.08.18,F14,NPK,NPK6,CTL,6,NPK6_CTL,7,160,62.6,52.9,0.845,135.208,181,316.2076677,"""",123.5,118.1,0.956275304,0.043724696,59.3,400,148.25,
21.08.18,F14,NPK,NPK7,CTL,7,NPK7_CTL,7,170,78.3,60.1,0.768,130.485,201.2,331.6853129,"""",133.5,127.8,0.957303371,0.042696629,57.7,400,144.25,Natacha: Es fehlt ein Teil der Pflanze (beim Wägen)
21.08.18,F14,NPK,NPK8,CTL,8,NPK8_CTL,NA,320,130.6,80.5,0.616,197.243,296,493.2434916,"""",216.2,207.5,0.959759482,0.040240518,94.7,400,236.75,
21.08.18,F14,NK,NK1,AMF,1,NK1_AMF,6,340,153.6,76.3,0.497,168.893,285.3,454.1932292,"""",216.8,208.1,0.959870849,0.040129151,94.6,400,236.5,
21.08.18,F14,NK,NK2,AMF,2,NK2_AMF,NA,140,41.8,34.4,0.823,115.215,136.2,251.415311,"""",80.4,76.7,0.9539801,0.0460199,41.6,400,104,
21.08.18,F14,NK,NK3,AMF,3,NK3_AMF,7,320,147.2,71,0.482,154.348,225.4,379.7478261,"""",166.5,159.8,0.95975976,0.04024024,75.7,400,189.25,
21.08.18,F14,NK,NK4,AMF,4,NK4_AMF,8,220,76.8,47.4,0.617,135.781,189.7,325.48125,"""",134.7,128.8,0.956198961,NA,73.5,400,183.75,
21.08.18,F14,NK,NK5,AMF,5,NK5_AMF,7,160,72.1,57.9,0.803,128.488,193.3,321.7882108,"""",135.3,129.7,0.958610495,0.041389505,62.1,400,155.25,
21.08.18,F14,NK,NK6,AMF,6,NK6_AMF,8,170,77.7,62.9,0.810,137.619,176.6,314.2190476,"""",123.7,118.2,0.955537591,0.044462409,67,400,167.5,Natacha: Es fehlt ein Teil der Pflanze (beim Wägen)
21.08.18,F14,NK,NK7,AMF,7,NK7_AMF,5,300,161,95.8,0.595,178.509,266.3,444.8093168,"""",191,183.3,0.959685864,0.040314136,74.2,400,185.5,
21.08.18,F14,NK,NK8,AMF,8,NK8_AMF,8,180,103.9,81.6,0.785,141.367,229.1,370.4666987,"""",158.6,151.5,0.955233291,0.044766709,64.8,400,162,
21.08.18,F14,NPK,NPK1,AMF,1,NPK1_AMF,NA,200,81.3,57.8,0.711,142.189,189.6,331.7894219,"""",129.6,123.9,0.956018519,0.043981481,60.8,400,152,
21.08.18,F14,NPK,NPK2,AMF,2,NPK2_AMF,7,170,76.6,58.9,0.769,130.718,176.5,307.2180157,"""",119.1,113.5,0.952980688,0.047019312,56.2,400,140.5,
21.08.18,F14,NPK,NPK3,AMF,3,NPK3_AMF,NA,NA,NA,NA,NA,NA,NA,NA,"""",NA,NA,NA,NA,NA,NA,NA,
21.08.18,F14,NPK,NPK4,AMF,4,NPK4_AMF,7,90,42.2,33,0.782,70.379,141.8,212.1791469,"""",90.7,86.7,0.955898567,NA,51.4,400,128.5,Natacha: Es fehlt ein Teil der Pflanze (beim Wägen)
21.08.18,F14,NPK,NPK5,AMF,5,NPK5_AMF,6,130,47.3,41.6,0.879,114.334,161.8,276.1340381,"""",108.2,103.3,0.954713494,0.045286506,55.9,400,139.75,
21.08.18,F14,NPK,NPK6,AMF,6,NPK6_AMF,8,220,92.7,60,0.647,142.395,209.1,351.494822,"""",151.2,144.6,0.956349206,0.043650794,74.1,400,185.25,
21.08.18,F14,NPK,NPK7,AMF,7,NPK7_AMF,6,190,72.3,55.5,0.768,145.851,226.7,372.5506224,"""",161.3,154,0.954742715,0.045257285,80.4,400,201,
21.08.18,F14,NPK,NPK8,AMF,8,NPK8_AMF,6,240,117.2,82.3,0.702,168.532,268.6,437.1324232,"""",182,170,0.934065934,0.065934066,67.7,400,169.25,
05.09.18,F16,NK,NK1,CTL,1,NK1_CTL,7,280,110.7,61.5,0.5556,155.5556,261.2,416.7555556,,212,204.4,0.964150943,0.035849057,103.1,400,257.75,
05.09.18,F16,NK,NK2,CTL,2,NK2_CTL,9,410,156,73,0.4679,191.8590,317.3,509.1589744,,257.2,246.6,0.958786936,0.041213064,120.9,400,302.25,
05.09.18,F16,NK,NK3,CTL,3,NK3_CTL,5,440,185,86.8,0.4692,206.4432,344.2,550.6432432,,281.5,270.9,0.962344583,0.037655417,114.1,400,285.25,
05.09.18,F16,NK,NK4,CTL,4,NK4_CTL,7,270,107.1,57.4,0.5359,144.7059,261.9,406.6058824,,210.1,201.9,0.960970966,NA,103.7,400,259.25,
05.09.18,F16,NK,NK5,CTL,5,NK5_CTL,7,270,104,59.7,0.5740,154.9904,261.9,416.8903846,,204.6,196,0.957966764,0.042033236,100.9,400,252.25,
05.09.18,F16,NK,NK6,CTL,6,NK6_CTL,6,490,164.7,73.9,0.4487,219.8604,363.6,583.4603522,,285,273.5,0.959649123,0.040350877,119.5,400,298.75,
05.09.18,F16,NK,NK7,CTL,7,NK7_CTL,5,360,135.1,59,0.4367,157.2169,248,405.2168764,,199.4,190.6,0.955867603,0.044132397,107.8,400,269.5,
05.09.18,F16,NK,NK8,CTL,8,NK8_CTL,7,300,124.8,61.6,0.4936,148.0769,270.5,418.5769231,,212.9,203.6,0.95631752,0.04368248,98.5,400,246.25,
05.09.18,F16,NPK,NPK1,CTL,1,NPK1_CTL,5,450,169.7,69.6,0.4101,184.5610,321.2,505.76099,,256,244.3,0.954296875,0.045703125,109.3,400,273.25,
05.09.18,F16,NPK,NPK2,CTL,2,NPK2_CTL,5,230,89.2,55.7,0.6244,143.6211,284.8,428.4210762,,223.9,214.6,0.9584636,0.0415364,100,400,250,
05.09.18,F16,NPK,NPK3,CTL,3,NPK3_CTL,10,440,211.2,93.2,0.4413,194.1667,294,488.1666667,1 kleiner Kolben,234.1,224.1,0.957283212,0.042716788,123.8,400,309.5,
05.09.18,F16,NPK,NPK4,CTL,4,NPK4_CTL,6,140,73.8,56.5,0.7656,107.1816,208.6,315.7815718,,159.8,153.4,0.959949937,NA,79.8,400,199.5,
05.09.18,F16,NPK,NPK5,CTL,5,NPK5_CTL,5,220,78.6,51.3,0.6527,143.5878,238.3,381.8877863,1 kleiner Kolben,189.3,181.3,0.957739039,0.042260961,100.2,400,250.5,ein roter Kolben
05.09.18,F16,NPK,NPK6,CTL,6,NPK6_CTL,7,380,186.1,70.4,0.3783,143.7507,264.2,407.9506717,,207.4,198.5,0.957087753,0.042912247,108.2,400,270.5,
05.09.18,F16,NPK,NPK7,CTL,7,NPK7_CTL,3,310,120.6,58.1,0.4818,149.3449,247.5,396.844942,,192.3,184.2,0.957878315,0.042121685,107.2,400,268,
05.09.18,F16,NPK,NPK8,CTL,8,NPK8_CTL,6,280,115.2,65.7,0.5703,159.6875,278.2,437.8875,,224.5,214.4,0.955011136,0.044988864,105,400,262.5,
05.09.18,F16,NK,NK1,AMF,1,NK1_AMF,6,570,173,67.8,0.3919,223.3873,336.2,559.5872832,2 grosse Stiele,263.9,252.3,0.956043956,0.043956044,108.4,400,271,
05.09.18,F16,NK,NK2,AMF,2,NK2_AMF,7,600,227.3,88.4,0.3889,233.3480,352.3,585.6479982,,278.4,266.9,0.958692529,0.041307471,117.9,400,294.75,
05.09.18,F16,NK,NK3,AMF,3,NK3_AMF,6,320,131.9,65.4,0.4958,158.6657,288,446.6656558,1 grosser Stiel,227.8,216.9,0.95215101,0.04784899,105.8,400,264.5,
05.09.18,F16,NK,NK4,AMF,4,NK4_AMF,6,250,99.3,63.2,0.6365,159.1138,248.5,407.6137966,,194.1,186.2,0.95929933,NA,94.3,400,235.75,
05.09.18,F16,NK,NK5,AMF,5,NK5_AMF,7,280,136.8,77.1,0.5636,157.8070,272.8,430.6070175,,210.7,201.7,0.95728524,0.04271476,101.2,400,253,
05.09.18,F16,NK,NK6,AMF,6,NK6_AMF,7,490,203.5,84,0.4128,202.2604,306.9,509.1604423,,245.3,234.9,0.957602935,0.042397065,119,400,297.5,
05.09.18,F16,NK,NK7,AMF,7,NK7_AMF,6,410,155,70.2,0.4529,185.6903,307.3,492.9903226,,240.9,229.9,0.9543379,0.0456621,102.3,400,255.75,
05.09.18,F16,NK,NK8,AMF,8,NK8_AMF,7,190,80.6,57.9,0.7184,136.4888,199.1,335.5888337,1 kleiner Kolben,156.3,149.3,0.955214331,0.044785669,74.1,400,185.25,
05.09.18,F16,NPK,NPK1,AMF,1,NPK1_AMF,7,290,118.5,62,0.5232,151.7300,263.2,414.9299578,,213.5,205.9,0.96440281,0.03559719,98,400,245,
05.09.18,F16,NPK,NPK2,AMF,2,NPK2_AMF,6,520,220.9,93.2,0.4219,219.3934,324.2,543.5933907,,256.8,246.2,0.958722741,0.041277259,117.9,400,294.75,
05.09.18,F16,NPK,NPK3,AMF,3,NPK3_AMF,6,340,134.7,72.6,0.5390,183.2517,299.8,483.0516704,1 grosser Stiel,237.7,227.3,0.956247371,0.043752629,105.6,400,264,
05.09.18,F16,NPK,NPK4,AMF,4,NPK4_AMF,7,210,94.4,64.8,0.6864,144.1525,284.1,428.2525424,,226.1,216.9,0.95931004,NA,98,400,245,
05.09.18,F16,NPK,NPK5,AMF,5,NPK5_AMF,7,300,141.8,78.4,0.5529,165.8674,276.8,442.6674189,,220.1,211,0.958655157,0.041344843,99.5,400,248.75,
05.09.18,F16,NPK,NPK6,AMF,6,NPK6_AMF,6,530,207.8,83.2,0.4004,212.2040,378.5,590.7040423,1 grosser Stiel,300.7,287.4,0.95576987,0.04423013,118.4,400,296,
05.09.18,F16,NPK,NPK7,AMF,7,NPK7_AMF,7,480,175.1,78.5,0.4483,215.1913,343.7,558.8913192,,271,259.2,0.956457565,0.043542435,121.2,400,303,
05.09.18,F16,NPK,NPK8,AMF,8,NPK8_AMF,5,330,131.5,66.2,0.5034,166.1293,309,475.1292776,1 grosser Stiel,242.7,229.3,0.944787804,0.055212196,109.9,400,274.75,
21.08.18,F17,NK,NK1,CTL,1,NK1_CTL,4,340,165.4,48.8,0.295,100.314,142.1,242.4143894,,97.7,93.8,0.960081883,0.039918117,68,400,170,
21.08.18,F17,NK,NK2,CTL,2,NK2_CTL,6,330,146.5,43.5,0.297,97.986,123.7,221.6863481,,86.2,82.8,0.960556845,0.039443155,72.7,400,181.75,
21.08.18,F17,NK,NK3,CTL,3,NK3_CTL,6,370,157.4,43.7,0.278,102.726,127.5,230.22554,,86,82.6,0.960465116,0.039534884,60.8,400,152,
21.08.18,F17,NK,NK4,CTL,4,NK4_CTL,5,240,110.7,39,0.352,84.553,NA,NA,"(44.1 g) Nur ein Kolben, auf Feldtabelle 2 Kolben notiert!",21.7,20.7,0.953917051,NA,20.6,200,103,Ein Kolben fehlt! Und der andere sehr klein
21.08.18,F17,NK,NK5,CTL,5,NK5_CTL,7,420,176.5,48.2,0.273,114.697,143.8,258.4968839,,96.5,92.8,0.961658031,0.038341969,63.2,400,158,
21.08.18,F17,NK,NK6,CTL,6,NK6_CTL,6,380,154.6,53.9,0.349,132.484,186.3,318.7838292,,131.9,126.8,0.961334344,0.038665656,71.2,400,178,
21.08.18,F17,NK,NK7,CTL,7,NK7_CTL,6,330,144.4,44.5,0.308,101.697,137.3,238.9966759,,87.9,84.1,0.956769056,0.043230944,48.4,400,121,
21.08.18,F17,NK,NK8,CTL,8,NK8_CTL,5,260,99.4,38.5,0.387,100.704,117.2,217.9042254,,70.4,67.4,0.957386364,0.042613636,43.4,400,108.5,
21.08.18,F17,NPK,NPK1,CTL,1,NPK1_CTL,5,390,166.9,53.4,0.320,124.781,193.1,317.8813062,,141.2,136,0.963172805,0.036827195,76.5,400,191.25,
21.08.18,F17,NPK,NPK2,CTL,2,NPK2_CTL,5,350,154.5,53.3,0.345,120.744,163.8,284.5443366,,108.5,104.3,0.961290323,0.038709677,59.8,400,149.5,
21.08.18,F17,NPK,NPK3,CTL,3,NPK3_CTL,6,380,176.2,57.2,0.325,123.360,173,296.3598184,,123.3,118.5,0.96107056,0.03892944,68.6,400,171.5,
21.08.18,F17,NPK,NPK4,CTL,4,NPK4_CTL,6,460,210.3,58.9,0.280,128.835,170.1,298.9349976,,117.8,113,0.959252971,NA,68,400,170,
21.08.18,F17,NPK,NPK5,CTL,5,NPK5_CTL,NA,NA,NA,NA,NA,NA,NA,NA,,NA,NA,NA,NA,NA,NA,NA,
21.08.18,F17,NPK,NPK6,CTL,6,NPK6_CTL,6,460,184.7,52.2,0.283,130.005,179.1,309.1054142,,121.1,116.1,0.958711808,0.041288192,65.9,400,164.75,
21.08.18,F17,NPK,NPK7,CTL,7,NPK7_CTL,6,370,166.2,62.4,0.375,138.917,178.3,317.2169675,,120.9,115.9,0.958643507,0.041356493,62.3,400,155.75,
21.08.18,F17,NPK,NPK8,CTL,8,NPK8_CTL,6,380,157.7,60.8,0.386,146.506,180.1,326.6060241,,124.8,119.7,0.959134615,0.040865385,62.8,400,157,
21.08.18,F17,NK,NK1,AMF,1,NK1_AMF,6,270,130.2,53.8,0.413,111.567,60.3,171.8668203,"2 sehr kleine Kolben, auf Feldtabelle ebenfalls zwei notiert. ",29.9,28.7,0.959866221,0.040133779,27.3,282,96.80851064,2 sehr kleine Kolben
21.08.18,F17,NK,NK2,AMF,2,NK2_AMF,4,320,156.2,48.7,0.312,99.770,127.8,227.5695262,,84.5,81.3,0.962130178,0.037869822,61.7,400,154.25,
21.08.18,F17,NK,NK3,AMF,3,NK3_AMF,6,470,175.8,48.9,0.278,130.734,174.7,305.4337884,,123.4,118.7,0.96191248,0.03808752,70.6,400,176.5,
21.08.18,F17,NK,NK4,AMF,4,NK4_AMF,6,400,162.3,51.8,0.319,127.665,198.9,326.5648182,,135.6,130.3,0.960914454,NA,69.2,400,173,
21.08.18,F17,NK,NK5,AMF,5,NK5_AMF,6,500,189,60.7,0.321,160.582,222.9,383.4820106,,158,151.9,0.961392405,0.038607595,75.6,400,189,
21.08.18,F17,NK,NK6,AMF,6,NK6_AMF,8,300,102,40.8,0.400,120.000,158.4,278.4,,107.8,103.4,0.959183673,0.040816327,61.9,400,154.75,
21.08.18,F17,NK,NK7,AMF,7,NK7_AMF,5,500,183.3,58.8,0.321,160.393,207.4,367.7927987,,146.5,140.3,0.957679181,0.042320819,79.3,400,198.25,
21.08.18,F17,NK,NK8,AMF,8,NK8_AMF,8,570,223.6,61.2,0.274,156.011,221.3,377.3107335,,161.3,154.7,0.959082455,0.040917545,75.4,400,188.5,
21.08.18,F17,NPK,NPK1,AMF,1,NPK1_AMF,5,370,193.2,60.7,0.314,116.247,183.1,299.347412,,131,125.8,0.960305344,0.039694656,77.7,400,194.25,
21.08.18,F17,NPK,NPK2,AMF,2,NPK2_AMF,4,310,117,39,0.333,103.333,118.1,221.4333333,,75.3,72.3,0.960159363,0.039840637,56.5,400,141.25,
21.08.18,F17,NPK,NPK3,AMF,3,NPK3_AMF,6,320,119.9,32.8,0.274,87.540,86,173.5396163,Auf Feldtabelle notiert: 2 Kolben - dafür sehr geringe Masse…,53.9,51.6,0.957328386,0.042671614,51,390,130.7692308,
21.08.18,F17,NPK,NPK4,AMF,4,NPK4_AMF,5,350,147.1,43.2,0.294,102.787,72.7,175.4872196,Auf Feldtabelle notiert: 2 Kolben - dafür sehr geringe Masse…,43.1,41.3,0.958236659,NA,41,341,120.2346041,
21.08.18,F17,NPK,NPK5,AMF,5,NPK5_AMF,6,510,185.1,55.1,0.298,151.815,224,375.815235,,163.5,157,0.960244648,0.039755352,73.2,400,183,
21.08.18,F17,NPK,NPK6,AMF,6,NPK6_AMF,5,310,112.4,40.8,0.363,112.527,115.6,228.1266904,"1 mittlerer Kolben, 1 sehr kleiner Kolben ",70.9,67.9,0.957686883,0.042313117,59.3,400,148.25,
21.08.18,F17,NPK,NPK7,AMF,7,NPK7_AMF,7,400,148,49.3,0.333,133.243,216.3,349.5432432,,159.4,152.8,0.95859473,0.04140527,78.5,400,196.25,
21.08.18,F17,NPK,NPK8,AMF,8,NPK8_AMF,9,390,199.4,58.3,0.292,114.027,200.6,314.6270812,,146.7,140.9,0.960463531,0.039536469,74,400,185,
04.09.18,F18,NK,NK1,CTL,1,NK1_CTL,6,390,141.7,51.9,0.366,142.844,266.7,409.5440367,,206.9,198.3,0.958434026,0.041565974,106,400,265,
04.09.18,F18,NK,NK2,CTL,2,NK2_CTL,6,450,204.1,68,0.333,149.927,297,446.9265066,1 grosser Stiel,230.7,222.1,0.96272215,0.03727785,113.8,400,284.5,
04.09.18,F18,NK,NK3,CTL,3,NK3_CTL,6,570,247.8,84.8,0.342,195.061,372.9,567.9605327,2 grosse Stiele,288.4,275.9,0.95665742,0.04334258,114.7,400,286.75,
04.09.18,F18,NK,NK4,CTL,4,NK4_CTL,6,340,151.3,57.6,0.381,129.438,204.4,333.8382022,"1 grosser Stiel, 1 kleiner Kolben",154.6,147.7,0.955368693,NA,108.9,400,272.25,
04.09.18,F18,NK,NK5,CTL,5,NK5_CTL,7,360,166.6,66.8,0.401,144.346,236.4,380.7457383,1 kleiner Kolben,182.2,175.3,0.962129528,0.037870472,111.4,400,278.5,
04.09.18,F18,NK,NK6,CTL,6,NK6_CTL,7,380,129.6,48.5,0.374,142.207,294.2,436.4067901,,224.4,216.2,0.963458111,0.036541889,116.1,400,290.25,
04.09.18,F18,NK,NK7,CTL,7,NK7_CTL,5,490,240,79.5,0.331,162.313,325.5,487.8125,,256.9,246.2,0.958349552,0.041650448,114.4,400,286,
04.09.18,F18,NK,NK8,CTL,8,NK8_CTL,6,380,139.6,50.1,0.359,136.375,212.4,348.7753582,,163.6,157.5,0.962713936,0.037286064,112.2,400,280.5,
04.09.18,F18,NPK,NPK1,CTL,1,NPK1_CTL,6,300,106.7,49.9,0.468,140.300,292,432.2999063,1 grosser Stiel,228.1,219.2,0.960982025,0.039017975,112.2,400,280.5,
04.09.18,F18,NPK,NPK2,CTL,2,NPK2_CTL,7,430,164.6,58.2,0.354,152.041,303.2,455.2413123,,233.8,223.9,0.957656116,0.042343884,117.1,400,292.75,
04.09.18,F18,NPK,NPK3,CTL,3,NPK3_CTL,7,400,188.1,83.9,0.446,178.416,358.7,537.1157363,1 grosser Stiel,289.1,277.8,0.960913179,0.039086821,122.9,400,307.25,
04.09.18,F18,NPK,NPK4,CTL,4,NPK4_CTL,6,410,152.5,59.9,0.393,161.043,343.9,504.942623,2 grosse Stiele,268.6,256.9,0.956440804,NA,115.9,400,289.75,
04.09.18,F18,NPK,NPK5,CTL,5,NPK5_CTL,7,470,193.7,64.8,0.335,157.233,250.2,407.4328343,1 kleiner Kolben,185,177.4,0.958918919,0.041081081,105.3,400,263.25,
04.09.18,F18,NPK,NPK6,CTL,6,NPK6_CTL,7,600,269.7,90,0.334,200.222,415,615.2224694,,323.3,310.4,0.960098979,0.039901021,123,400,307.5,
04.09.18,F18,NPK,NPK7,CTL,7,NPK7_CTL,8,500,228.4,87.2,0.382,190.893,307.9,498.7931699,"ein zusätzlicher, winziger Kolben",238,228.8,0.961344538,0.038655462,117.3,400,293.25,
04.09.18,F18,NPK,NPK8,CTL,8,NPK8_CTL,7,540,209.8,73.7,0.351,189.695,298.5,488.1949476,,233.8,223.8,0.9572284,0.0427716,121.3,400,303.25,
04.09.18,F18,NK,NK1,AMF,1,NK1_AMF,7,830,256.6,99.4,0.387,321.520,391.6,713.1198753,2 grosse Stiele,305.3,292.8,0.959056666,0.040943334,122.5,400,306.25,
04.09.18,F18,NK,NK2,AMF,2,NK2_AMF,6,480,178.6,66.5,0.372,178.723,397.2,575.9234043,3 Kolben (ist das möglich? Also 3 relativ gut ausgebildete...) -> Natacha fragen,313.9,301.6,0.960815546,0.039184454,107.4,400,268.5,
04.09.18,F18,NK,NK3,AMF,3,NK3_AMF,7,380,192.2,72.8,0.379,143.933,293.7,437.6334027,,225.5,216.5,0.960088692,0.039911308,102.5,400,256.25,
04.09.18,F18,NK,NK4,AMF,4,NK4_AMF,5,630,233.8,86.3,0.369,232.545,411.9,644.4449102,1 grosser Stiel,321.7,309.8,0.963009015,NA,125,400,312.5,
04.09.18,F18,NK,NK5,AMF,5,NK5_AMF,6,710,288.3,98.6,0.342,242.823,405.8,648.6234478,,313.3,301,0.960740504,0.039259496,125.6,400,314,
04.09.18,F18,NK,NK6,AMF,6,NK6_AMF,7,710,345.6,105.2,0.304,216.123,379.9,596.0226852,,300.6,288.1,0.9584165,0.0415835,120.7,400,301.75,
04.09.18,F18,NK,NK7,AMF,7,NK7_AMF,6,830,344.9,103.9,0.301,250.035,436.4,686.4347927,,338.9,326,0.961935674,0.038064326,127.2,400,318,
04.09.18,F18,NK,NK8,AMF,8,NK8_AMF,8,560,287.5,91.8,0.319,178.810,368.1,546.9104348,2 grosse Stiele,291.4,279.8,0.960192176,0.039807824,116.8,400,292,
04.09.18,F18,NPK,NPK1,AMF,1,NPK1_AMF,7,500,179.9,68.2,0.379,189.550,364.5,554.0497499,1 grosser Stiel,285.8,273.2,0.955913226,0.044086774,120.1,400,300.25,
04.09.18,F18,NPK,NPK2,AMF,2,NPK2_AMF,7,630,315.8,100.2,0.317,199.892,388.5,588.3923369,1 grosser Stiel,312.6,300.8,0.962252079,0.037747921,130.8,400,327,
04.09.18,F18,NPK,NPK3,AMF,3,NPK3_AMF,5,570,247.5,80.9,0.327,186.315,347.7,534.0151515,2 grosse Stiele,265.5,255.1,0.960828625,0.039171375,112.8,400,282,
04.09.18,F18,NPK,NPK4,AMF,4,NPK4_AMF,6,520,204.5,72.1,0.353,183.335,366.8,550.1349633,1 grosser Stiel,287.5,275.4,0.957913043,NA,119.6,400,299,
04.09.18,F18,NPK,NPK5,AMF,5,NPK5_AMF,6,640,282.1,93.4,0.331,211.896,398.2,610.0964906,2 grosse Stiele,306.6,294.3,0.959882583,0.040117417,122.4,400,306,
04.09.18,F18,NPK,NPK6,AMF,6,NPK6_AMF,6,620,293.5,91.6,0.312,193.499,378.9,572.3991482,,306.4,294.5,0.96116188,0.03883812,121.9,400,304.75,
04.09.18,F18,NPK,NPK7,AMF,7,NPK7_AMF,7,680,336,103.4,0.308,209.262,360.8,570.0619048,,288,276.3,0.959375,0.040625,118.5,400,296.25,
04.09.18,F18,NPK,NPK8,AMF,8,NPK8_AMF,6,700,266.7,87,0.326,228.346,354.8,583.1464567,,281,269.5,0.959074733,0.040925267,123.6,400,309,
29.08.18,F19,NK,NK1,CTL,1,NK1_CTL,8,420,156.1,59.2,0.379,159.283,261.2,420.4825112,,199.9,191.9,0.95997999,0.04002001,110.5,400,276.25,
29.08.18,F19,NK,NK2,CTL,2,NK2_CTL,8,420,145.3,54,0.372,156.091,266.4,422.4908465,,209.2,200.3,0.957456979,0.042543021,112,400,280,
29.08.18,F19,NK,NK3,CTL,3,NK3_CTL,6,450,166.1,64.7,0.390,175.286,265.9,441.1859723,,206.2,198,0.960232784,0.039767216,107.5,400,268.75,
29.08.18,F19,NK,NK4,CTL,4,NK4_CTL,7,500,180.3,63.4,0.352,175.818,286.1,461.918081,,221.4,213.3,0.963414634,NA,117,400,292.5,
29.08.18,F19,NK,NK5,CTL,5,NK5_CTL,5,480,241.2,80.3,0.333,159.801,277.6,437.400995,1 grosser Stiel,217,208,0.958525346,0.041474654,108.2,400,270.5,
29.08.18,F19,NK,NK6,CTL,6,NK6_CTL,8,460,179.3,70.3,0.392,180.357,273.9,454.2569437,,215.3,206.5,0.9591268,0.0408732,104.5,400,261.25,
29.08.18,F19,NK,NK7,CTL,7,NK7_CTL,7,390,171,63.9,0.374,145.737,244.3,390.0368421,,190.5,182.4,0.957480315,0.042519685,103,400,257.5,
29.08.18,F19,NK,NK8,CTL,8,NK8_CTL,7,500,211.5,71.5,0.338,169.031,284.4,453.4307329,,228.8,219.5,0.959353147,0.040646853,111.3,400,278.25,
29.08.18,F19,NPK,NPK1,CTL,1,NPK1_CTL,4,320,128.6,57.3,0.446,142.582,265.5,408.0816485,2 grosse Stiele,205,196.2,0.957073171,0.042926829,102,400,255,
29.08.18,F19,NPK,NPK2,CTL,2,NPK2_CTL,7,380,145.1,58.2,0.401,152.419,235.3,387.7190214,,184.3,176.7,0.958762887,0.041237113,103.4,400,258.5,
29.08.18,F19,NPK,NPK3,CTL,3,NPK3_CTL,7,500,184.9,67,0.362,181.179,302.1,483.2790157,,238.1,228.5,0.959680806,0.040319194,118.6,400,296.5,
29.08.18,F19,NPK,NPK4,CTL,4,NPK4_CTL,7,520,203.1,69,0.340,176.662,298.7,475.361743,,235.6,226.5,0.961375212,NA,114.7,400,286.75,
29.08.18,F19,NPK,NPK5,CTL,5,NPK5_CTL,7,410,199.1,74.8,0.376,154.033,259.6,413.6331492,2 grosse Stiele,200.1,192,0.95952024,0.04047976,107.3,400,268.25,
29.08.18,F19,NPK,NPK6,CTL,6,NPK6_CTL,7,460,201,74.7,0.372,170.955,290.9,461.8552239,1 grosser Stiel,232.3,222.9,0.959535084,0.040464916,102.5,400,256.25,
29.08.18,F19,NPK,NPK7,CTL,7,NPK7_CTL,7,420,207.6,73.5,0.354,148.699,260.7,409.399422,1 grosser Stiel,199.2,190.9,0.958333333,0.041666667,102,400,255,
29.08.18,F19,NPK,NPK8,CTL,8,NPK8_CTL,7,440,154,60,0.390,171.429,270.4,441.8285714,,211.6,203.7,0.962665406,0.037334594,103.9,400,259.75,
29.08.18,F19,NK,NK1,AMF,1,NK1_AMF,6,470,180.1,71.2,0.395,185.808,302.7,488.5078845,,237.2,227.6,0.959527825,0.040472175,107.3,400,268.25,(Eventuell)  Pflanzenmaterial verloren beim Schreddern 
29.08.18,F19,NK,NK2,AMF,2,NK2_AMF,7,600,209.2,69.6,0.333,199.618,304.7,504.3175908,,240.2,231.2,0.962531224,0.037468776,113.7,400,284.25,
29.08.18,F19,NK,NK3,AMF,3,NK3_AMF,7,470,185.1,70.3,0.380,178.504,305,483.5035116,2 mittlere Stiele,242,232.9,0.962396694,0.037603306,112.3,400,280.75,
29.08.18,F19,NK,NK4,AMF,4,NK4_AMF,6,630,205.2,72.9,0.355,223.816,335.5,559.3157895,,258.1,248.2,0.961642774,NA,120.9,400,302.25,
29.08.18,F19,NK,NK5,AMF,5,NK5_AMF,7,480,228.7,79.8,0.349,167.486,268.5,435.9857892,1 grosser Stiel,210.4,201.4,0.957224335,0.042775665,113.3,400,283.25,
29.08.18,F19,NK,NK6,AMF,6,NK6_AMF,8,580,205.3,73.7,0.359,208.212,316.2,524.4123721,2 eher grosse Stiele,252.3,242.4,0.960760999,0.039239001,111.9,400,279.75,
29.08.18,F19,NK,NK7,AMF,7,NK7_AMF,6,570,251.4,86.5,0.344,196.122,317.7,513.8217184,,246.4,235.6,0.956168831,0.043831169,115.7,400,289.25,
29.08.18,F19,NK,NK8,AMF,8,NK8_AMF,5,520,206,71,0.345,179.223,317.2,496.423301,1 grosser Stiel,250.3,240.5,0.960846984,0.039153016,111.1,400,277.75,
29.08.18,F19,NPK,NPK1,AMF,1,NPK1_AMF,6,360,151.5,59.4,0.392,141.149,292.9,434.0485149,1 grosser Stiel,229.2,219.6,0.958115183,0.041884817,108.5,400,271.25,(Eventuell)  Pflanzenmaterial verloren beim Schreddern 
29.08.18,F19,NPK,NPK2,AMF,2,NPK2_AMF,6,480,186.6,68.8,0.369,176.977,294.5,471.477492,,230.4,220.5,0.95703125,0.04296875,112.8,400,282,
29.08.18,F19,NPK,NPK3,AMF,3,NPK3_AMF,7,450,154.4,56.9,0.369,165.835,262.3,428.1354922,,202.2,194.8,0.963402572,0.036597428,109.3,400,273.25,
29.08.18,F19,NPK,NPK4,AMF,4,NPK4_AMF,7,480,168.6,65.7,0.390,187.046,299,486.0462633,,230.6,220.7,0.957068517,NA,109.8,400,274.5,
29.08.18,F19,NPK,NPK5,AMF,5,NPK5_AMF,8,630,217.3,72,0.331,208.744,323.4,532.1436723,2 grosse Stiele,250.5,241.2,0.962874251,0.037125749,122,400,305,
29.08.18,F19,NPK,NPK6,AMF,6,NPK6_AMF,7,610,212.3,71.7,0.338,206.015,281.9,487.915073,,216.5,208.3,0.962124711,0.037875289,119.8,400,299.5,
29.08.18,F19,NPK,NPK7,AMF,7,NPK7_AMF,7,690,227.5,76.7,0.337,232.629,355.2,587.8285714,,279.4,268.5,0.960987831,0.039012169,124.9,400,312.25,
29.08.18,F19,NPK,NPK8,AMF,8,NPK8_AMF,7,810,277.8,83.5,0.301,243.467,296.1,539.5665227,,230.7,221.7,0.960988296,0.039011704,133.2,400,333,
22.08.18,F20,NK,NK1,CTL,1,NK1_CTL,NA,NA,NA,NA,NA,NA,NA,NA,Zivi hat gewogen,NA,NA,NA,NA,NA,NA,NA,
22.08.18,F20,NK,NK2,CTL,2,NK2_CTL,6,370,173.4,76.5,0.441176471,163.2352941,307.7,470.9352941,"""",235.8,227.5,0.964800679,0.035199321,99.6,400,249,
22.08.18,F20,NK,NK3,CTL,3,NK3_CTL,5,320,126.1,57.3,0.454401269,145.408406,257.1,402.508406,"""",197.8,190.3,0.962082912,0.037917088,111.1,400,277.75,
22.08.18,F20,NK,NK4,CTL,4,NK4_CTL,5,370,150.9,68.8,0.45593108,168.6944997,352.3,520.9944997,"""",272.8,262.6,0.962609971,NA,106.4,400,266,
22.08.18,F20,NK,NK5,CTL,5,NK5_CTL,7,280,109.1,55.8,0.511457379,143.208066,250.5,393.708066,"""",194.6,187.5,0.963514902,0.036485098,97.7,400,244.25,
22.08.18,F20,NK,NK6,CTL,6,NK6_CTL,6,200,109.8,55.5,0.505464481,101.0928962,209.3,310.3928962,"""",160.5,154.1,0.960124611,0.039875389,91.6,400,229,
22.08.18,F20,NK,NK7,CTL,7,NK7_CTL,7,240,136.7,61,0.446232626,107.0958303,236.1,343.1958303,"""",181,174.2,0.962430939,0.037569061,106.3,400,265.75,
22.08.18,F20,NK,NK8,CTL,8,NK8_CTL,6,370,217.2,83,0.38213628,141.3904236,340.4,481.7904236,"""",250,240.9,0.9636,0.0364,111.6,400,279,
22.08.18,F20,NPK,NPK1,CTL,1,NPK1_CTL,7,280,138.4,67.4,0.48699422,136.3583815,253.3,389.6583815,"""",193.4,185.8,0.960703206,0.039296794,88,400,220,
22.08.18,F20,NPK,NPK2,CTL,2,NPK2_CTL,NA,NA,NA,NA,NA,NA,NA,NA,"""",NA,NA,NA,NA,NA,NA,NA,
22.08.18,F20,NPK,NPK3,CTL,3,NPK3_CTL,5,210,94,51,0.542553191,113.9361702,219.5,333.4361702,"""",167.5,161.3,0.962985075,0.037014925,91.4,400,228.5,
22.08.18,F20,NPK,NPK4,CTL,4,NPK4_CTL,6,250,109.2,53.2,0.487179487,121.7948718,235.5,357.2948718,"""",182.6,176.1,0.964403067,NA,97.5,400,243.75,
22.08.18,F20,NPK,NPK5,CTL,5,NPK5_CTL,6,540,243.9,89.3,0.366133661,197.7121771,366.8,564.5121771,"""",286.2,275.4,0.962264151,0.037735849,116.3,400,290.75,
22.08.18,F20,NPK,NPK6,CTL,6,NPK6_CTL,7,340,170.3,72.1,0.423370523,143.9459777,299.6,443.5459777,"""",235,226.7,0.964680851,0.035319149,106.9,400,267.25,
22.08.18,F20,NPK,NPK7,CTL,7,NPK7_CTL,6,330,168.1,68.9,0.409875074,135.2587745,314.6,449.8587745,"""",246.4,237.8,0.965097403,0.034902597,107.7,400,269.25,
22.08.18,F20,NPK,NPK8,CTL,8,NPK8_CTL,7,280,134.1,64,0.477255779,133.6316182,297.8,431.4316182,"""",225.4,216.8,0.961845608,0.038154392,102,400,255,
22.08.18,F20,NK,NK1,AMF,1,NK1_AMF,7,400,220.7,87.7,0.397371998,158.9487993,332,490.9487993,"""",253.8,244.6,0.963750985,0.036249015,100.4,400,251,
22.08.18,F20,NK,NK2,AMF,2,NK2_AMF,NA,NA,NA,NA,NA,NA,NA,NA,"""",NA,NA,NA,NA,NA,NA,NA,
22.08.18,F20,NK,NK3,AMF,3,NK3_AMF,6,360,213,83.7,0.392957746,141.4647887,283.4,424.8647887,"""",218.8,210.7,0.96297989,0.03702011,105.1,400,262.75,
22.08.18,F20,NK,NK4,AMF,4,NK4_AMF,NA,NA,NA,NA,NA,NA,NA,NA,"""",NA,NA,NA,NA,NA,NA,NA,
22.08.18,F20,NK,NK5,AMF,5,NK5_AMF,6,180,100.1,68.3,0.682317682,122.8171828,252.3,375.1171828,"""",192.5,185.1,0.961558442,0.038441558,85.1,400,212.75,
22.08.18,F20,NK,NK6,AMF,6,NK6_AMF,6,420,206.3,79.8,0.386815317,162.4624333,322.4,484.8624333,"""",250.2,241.3,0.964428457,0.035571543,110.3,400,275.75,
22.08.18,F20,NK,NK7,AMF,7,NK7_AMF,7,320,179.3,70,0.390407139,124.9302844,285,409.9302844,"""",225.8,217.4,0.962798937,0.037201063,95.5,400,238.75,
22.08.18,F20,NK,NK8,AMF,8,NK8_AMF,5,480,271.4,93.1,0.343036109,164.6573324,384.1,548.7573324,"""",299.8,289,0.963975984,0.036024016,110.9,400,277.25,
22.08.18,F20,NPK,NPK1,AMF,1,NPK1_AMF,5,700,423.1,148.7,0.351453557,246.01749,387.6,633.61749,"""",297.7,287,0.964057776,0.035942224,126.8,400,317,
22.08.18,F20,NPK,NPK2,AMF,2,NPK2_AMF,6,390,211.2,81.1,0.383996212,149.7585227,308.8,458.5585227,"""",238.1,229.3,0.963040739,0.036959261,105.1,400,262.75,
22.08.18,F20,NPK,NPK3,AMF,3,NPK3_AMF,NA,NA,NA,NA,NA,NA,NA,NA,"""",NA,NA,NA,NA,NA,NA,NA,
22.08.18,F20,NPK,NPK4,AMF,4,NPK4_AMF,8,380,178.8,85.5,0.478187919,181.7114094,333.2,514.9114094,"""",256.6,247.1,0.962977397,NA,106.4,400,266,
22.08.18,F20,NPK,NPK5,AMF,5,NPK5_AMF,7,320,148.6,68.7,0.462314939,147.9407806,276.7,424.6407806,"""",218.2,210.5,0.964711274,0.035288726,99.5,400,248.75,
22.08.18,F20,NPK,NPK6,AMF,6,NPK6_AMF,6,270,165.3,83.9,0.507562008,137.0417423,286,423.0417423,"""",221.3,213,0.962494352,0.037505648,100.2,400,250.5,
22.08.18,F20,NPK,NPK7,AMF,7,NPK7_AMF,7,340,136.6,69.5,0.508784773,172.9868228,301.6,474.5868228,"""",233.4,224.3,0.96101114,0.03898886,104.1,400,260.25,
22.08.18,F20,NPK,NPK8,AMF,8,NPK8_AMF,5,360,196.2,81.1,0.413353721,148.8073394,310,458.8073394,"""",242,232.7,0.961570248,0.038429752,103,400,257.5,
27.08.18,F21,NK,NK1,CTL,1,NK1_CTL,8,630,237.4,95,0.400168492,252.10615,396.4,648.50615,2 sehr grosse Stiele,309.6,299.6,0.967700258,0.032299742,126.4,400,316,
27.08.18,F21,NK,NK2,CTL,2,NK2_CTL,6,230,92.4,52.8,0.571428571,131.4285714,236.2,367.6285714,2 grosse Stiele,182,175.3,0.963186813,0.036813187,99.6,400,249,
27.08.18,F21,NK,NK3,CTL,3,NK3_CTL,7,300,135.6,61,0.449852507,134.9557522,255.5,390.4557522,1 grosser Stiel,199.1,192,0.964339528,0.035660472,102.4,400,256,
27.08.18,F21,NK,NK4,CTL,4,NK4_CTL,7,760,274.1,102.4,0.373586282,283.9255746,468.6,752.5255746,2 grosse Stiele,366.8,354.8,0.967284624,NA,136.6,400,341.5,
27.08.18,F21,NK,NK5,CTL,5,NK5_CTL,8,390,173.8,80.7,0.464326812,181.0874568,317.7,498.7874568,1 sehr grosser Stiel,247.5,237.9,0.961212121,0.038787879,108.4,400,271,
27.08.18,F21,NK,NK6,CTL,6,NK6_CTL,6,520,197.9,97,0.490146539,254.8762001,343,597.8762001,,270.6,261,0.964523282,0.035476718,114.6,400,286.5,
27.08.18,F21,NK,NK7,CTL,7,NK7_CTL,9,240,134,79.9,0.596268657,143.1044776,299.2,442.3044776,,233,224.9,0.965236052,0.034763948,100.4,400,251,
27.08.18,F21,NK,NK8,CTL,8,NK8_CTL,7,360,129.2,69.2,0.535603715,192.8173375,347.1,539.9173375,,278.6,268.5,0.963747308,0.036252692,115.7,400,289.25,
27.08.18,F21,NPK,NPK1,CTL,1,NPK1_CTL,7,170,98,45.7,0.466326531,79.2755102,168.2,247.4755102,Schimmel?,126.7,121.7,0.960536701,0.039463299,99.2,400,248,
27.08.18,F21,NPK,NPK2,CTL,2,NPK2_CTL,6,440,171.6,80.7,0.47027972,206.9230769,377.7,584.6230769,2 grosse Stiele,293.3,282.1,0.961813842,0.038186158,111.8,400,279.5,
27.08.18,F21,NPK,NPK3,CTL,3,NPK3_CTL,7,400,180.5,85.6,0.474238227,189.6952909,341.1,530.7952909,2 grosse Stiele,260.7,251.3,0.96394323,0.03605677,107.2,400,268,
27.08.18,F21,NPK,NPK4,CTL,4,NPK4_CTL,4,750,256,93.1,0.363671875,272.7539063,456.2,728.9539063,2 grosse Stiele,361.2,348.9,0.965946844,NA,138.1,400,345.25,
27.08.18,F21,NPK,NPK5,CTL,5,NPK5_CTL,6,360,197.8,88.9,0.449443883,161.7997978,343.7,505.4997978,1 grosser Stiel,265.7,256.2,0.96424539,0.03575461,108.5,400,271.25,
27.08.18,F21,NPK,NPK6,CTL,6,NPK6_CTL,8,430,176.3,80,0.45377198,195.1219512,349.7,544.8219512,,281.4,272.1,0.966950959,0.033049041,119.6,400,299,
27.08.18,F21,NPK,NPK7,CTL,7,NPK7_CTL,7,610,206.4,91.3,0.442344961,269.8304264,387,656.8304264,,306.4,296.6,0.968015666,0.031984334,129.8,400,324.5,
27.08.18,F21,NPK,NPK8,CTL,8,NPK8_CTL,8,300,159.9,83.1,0.519699812,155.9099437,331.4,487.3099437,,264.9,254.9,0.962249906,0.037750094,104,400,260,
27.08.18,F21,NK,NK1,AMF,1,NK1_AMF,7,540,284.8,102.5,0.359901685,194.3469101,347.5,541.8469101,2 grosse Stiele,273.9,264.9,0.967141292,0.032858708,118.7,400,296.75,
27.08.18,F21,NK,NK2,AMF,2,NK2_AMF,7,550,199.3,81.1,0.406924235,223.8083292,374.3,598.1083292,2 grosse Stiele,295.6,284.6,0.962787551,0.037212449,127,400,317.5,
27.08.18,F21,NK,NK3,AMF,3,NK3_AMF,6,390,179.6,85.2,0.474387528,185.0111359,353.7,538.7111359,2 grosse Stiele,278.5,269,0.965888689,0.034111311,110,400,275,
27.08.18,F21,NK,NK4,AMF,4,NK4_AMF,7,770,306.8,101.9,0.332138201,255.7464146,451.7,707.4464146,1 grosser Stiel und 1 sehr grosser Stiel,351.9,339.3,0.964194373,NA,129.7,400,324.25,
27.08.18,F21,NK,NK5,AMF,5,NK5_AMF,7,820,291.4,112.4,0.385724091,316.2937543,422.5,738.7937543,,336.5,325.5,0.96731055,0.03268945,134.2,400,335.5,
27.08.18,F21,NK,NK6,AMF,6,NK6_AMF,7,410,210.7,89.1,0.422876127,173.3792121,323.1,496.4792121,2 sehr grosse Stiele,246.1,237.6,0.965461195,0.034538805,108.5,400,271.25,
27.08.18,F21,NK,NK7,AMF,7,NK7_AMF,7,560,206.5,96.9,0.469249395,262.779661,391.6,654.379661,,318.7,307.7,0.965484782,0.034515218,129.7,400,324.25,
27.08.18,F21,NK,NK8,AMF,8,NK8_AMF,7,690,297.4,114.4,0.384667115,265.4203093,436.6,702.0203093,,355.9,344.7,0.968530486,0.031469514,126.6,400,316.5,
27.08.18,F21,NPK,NPK1,AMF,1,NPK1_AMF,6,490,222.8,94.8,0.425493716,208.491921,378.4,586.891921,2 grosse Stiele,297.7,287.5,0.965737319,0.034262681,115,400,287.5,
27.08.18,F21,NPK,NPK2,AMF,2,NPK2_AMF,8,600,262.2,104.7,0.399313501,239.5881007,393.6,633.1881007,2 sehr grosse Stiele,306.3,295.6,0.965066928,0.034933072,119.1,400,297.75,
27.08.18,F21,NPK,NPK3,AMF,3,NPK3_AMF,8,230,118.3,67.2,0.568047337,130.6508876,280.7,411.3508876,2 grosse Stiele,216.1,208,0.962517353,0.037482647,101.1,400,252.75,
27.08.18,F21,NPK,NPK4,AMF,4,NPK4_AMF,7,210,97.2,47.3,0.486625514,102.191358,271.9,374.091358,1 grosser Stiel,207.2,200,0.965250965,NA,103.2,400,258,
27.08.18,F21,NPK,NPK5,AMF,5,NPK5_AMF,9,270,122.9,61.7,0.502034174,135.549227,294.2,429.749227,1 grosser Stiel und ein kleiner Kolben,229.9,221.1,0.961722488,0.038277512,108.5,400,271.25,
27.08.18,F21,NPK,NPK6,AMF,6,NPK6_AMF,6,420,164.4,71.1,0.432481752,181.6423358,293.5,475.1423358,,229.9,221.4,0.963027403,0.036972597,102.9,400,257.25,
27.08.18,F21,NPK,NPK7,AMF,7,NPK7_AMF,6,390,154.2,73.8,0.478599222,186.6536965,322.6,509.2536965,,257.4,247.8,0.962703963,0.037296037,108.4,400,271,
27.08.18,F21,NPK,NPK8,AMF,8,NPK8_AMF,7,570,246,96.3,0.391463415,223.1341463,364.1,587.2341463,1 grosser Stiel,284.5,274.4,0.964499121,0.035500879,127.6,400,319,
21.08.18,F22,NK,NK1,CTL,1,NK1_CTL,7,630,189.7,60.4,0.31839747,200.5904059,295.8,496.3904059,Zivi hat gewogen,227,219.4,0.966519824,0.033480176,113.3,400,283.25,
21.08.18,F22,NK,NK2,CTL,2,NK2_CTL,6,440,158,54.9,0.347468354,152.8860759,246.6,399.4860759,"""",191.1,184.2,0.96389325,0.03610675,103.1,400,257.75,
21.08.18,F22,NK,NK3,CTL,3,NK3_CTL,7,330,171.7,61.6,0.358765288,118.3925451,231.3,349.6925451,"""",174,167.7,0.963793103,0.036206897,98.2,400,245.5,
21.08.18,F22,NK,NK4,CTL,4,NK4_CTL,6,420,171,60.6,0.354385965,148.8421053,247.3,396.1421053,"""",193.1,186.1,0.963749353,NA,105.2,400,263,
21.08.18,F22,NK,NK5,CTL,5,NK5_CTL,5,480,166.2,58.3,0.35078219,168.3754513,270.3,438.6754513,"""",206.5,199.3,0.965133172,0.034866828,107.7,400,269.25,
21.08.18,F22,NK,NK6,CTL,6,NK6_CTL,4,440,190,66,0.347368421,152.8421053,252.7,405.5421053,"""",194.7,188.1,0.966101695,0.033898305,97.9,400,244.75,
21.08.18,F22,NK,NK7,CTL,7,NK7_CTL,6,500,235.9,74.2,0.314540059,157.2700297,255.6,412.8700297,"""",195.7,188.6,0.96371998,0.03628002,96.5,400,241.25,
21.08.18,F22,NK,NK8,CTL,8,NK8_CTL,6,330,138.7,46.1,0.332372026,109.6827686,183.3,292.9827686,"""",140.8,135.9,0.965198864,0.034801136,93.8,400,234.5,
21.08.18,F22,NPK,NPK1,CTL,1,NPK1_CTL,7,310,139.2,47.3,0.339798851,105.3376437,177.8,283.1376437,"""",130.9,126,0.962566845,0.037433155,84.9,400,212.25,
21.08.18,F22,NPK,NPK2,CTL,2,NPK2_CTL,6,270,102.4,39.9,0.389648438,105.2050781,162.5,267.7050781,"""",117.2,112.6,0.960750853,0.039249147,80.2,400,200.5,
21.08.18,F22,NPK,NPK3,CTL,3,NPK3_CTL,5,290,120.1,48.8,0.40632806,117.8351374,261.3,379.1351374,"""",203.9,197,0.966159882,0.033840118,98.2,400,245.5,es fehlt ein Teil der Pflanze
21.08.18,F22,NPK,NPK4,CTL,4,NPK4_CTL,6,390,185.6,62.5,0.33674569,131.330819,222.5,353.830819,"""",170.2,163.6,0.961222092,NA,93.9,400,234.75,
21.08.18,F22,NPK,NPK5,CTL,5,NPK5_CTL,8,460,224.6,85.1,0.378895815,174.2920748,300.7,474.9920748,"""",230.4,222.1,0.963975694,0.036024306,106.9,400,267.25,
21.08.18,F22,NPK,NPK6,CTL,6,NPK6_CTL,6,570,231,72.2,0.312554113,178.1558442,300.3,478.4558442,"""",227.4,219.4,0.964819701,0.035180299,108.3,400,270.75,
21.08.18,F22,NPK,NPK7,CTL,7,NPK7_CTL,6,430,192.7,66.7,0.346133887,148.8375714,266.4,415.2375714,"""",203.1,195.5,0.96258001,0.03741999,108.4,400,271,
21.08.18,F22,NPK,NPK8,CTL,8,NPK8_CTL,6,780,288.1,77.6,0.26935092,210.0937175,341.1,551.1937175,"""",271.1,261.7,0.965326448,0.034673552,123.9,400,309.75,
21.08.18,F22,NK,NK1,AMF,1,NK1_AMF,5,410,152.6,53.8,0.352555701,144.5478375,228.6,373.1478375,"""",174,168,0.965517241,0.034482759,96.4,400,241,
21.08.18,F22,NK,NK2,AMF,2,NK2_AMF,6,320,146.3,53.9,0.368421053,117.8947368,189.9,307.7947368,"""",142.4,137.1,0.962780899,0.037219101,94.9,400,237.25,
21.08.18,F22,NK,NK3,AMF,3,NK3_AMF,6,480,187,70.2,0.37540107,180.1925134,289.6,469.7925134,"""",227,219.4,0.966519824,0.033480176,103.8,400,259.5,
21.08.18,F22,NK,NK4,AMF,4,NK4_AMF,6,400,259.3,89.2,0.344003085,137.6012341,252.9,390.5012341,"""",195.6,188.4,0.963190184,NA,102.7,400,256.75,
21.08.18,F22,NK,NK5,AMF,5,NK5_AMF,6,480,193.1,65.9,0.341273951,163.8114966,268.2,432.0114966,"""",216.8,208.5,0.961715867,0.038284133,101.4,400,253.5,
21.08.18,F22,NK,NK6,AMF,6,NK6_AMF,5,410,103.5,41.6,0.401932367,164.7922705,216.2,380.9922705,"""",156.5,151.1,0.965495208,0.034504792,98.8,400,247,
21.08.18,F22,NK,NK7,AMF,7,NK7_AMF,7,340,144.9,45,0.310559006,105.5900621,158,263.5900621,"""",115.6,111.4,0.96366782,0.03633218,93.1,400,232.75,
21.08.18,F22,NK,NK8,AMF,8,NK8_AMF,6,400,167.6,61.6,0.367541766,147.0167064,198.8,345.8167064,"""",151.4,146,0.964332893,0.035667107,88.9,400,222.25,
21.08.18,F22,NPK,NPK1,AMF,1,NPK1_AMF,6,460,154.5,53.7,0.347572816,159.8834951,266.6,426.4834951,"""",207.6,200.1,0.963872832,0.036127168,111.8,400,279.5,
21.08.18,F22,NPK,NPK2,AMF,2,NPK2_AMF,6,380,129.5,48,0.370656371,140.8494208,256.2,397.0494208,"""",196.2,189.3,0.964831804,0.035168196,99.8,400,249.5,
21.08.18,F22,NPK,NPK3,AMF,3,NPK3_AMF,6,350,140.7,50.5,0.358919687,125.6218905,222.7,348.3218905,"""",169.7,163.5,0.963464938,0.036535062,97.7,400,244.25,
21.08.18,F22,NPK,NPK4,AMF,4,NPK4_AMF,8,430,156.2,53.7,0.343790013,147.8297055,242.3,390.1297055,"""",184.8,178.1,0.963744589,NA,90.5,400,226.25,
21.08.18,F22,NPK,NPK5,AMF,5,NPK5_AMF,6,590,244.2,76.7,0.314086814,185.3112203,294.8,480.1112203,"""",229.8,221.5,0.963881636,0.036118364,98.5,400,246.25,
21.08.18,F22,NPK,NPK6,AMF,6,NPK6_AMF,6,550,199.8,62.4,0.312312312,171.7717718,223.8,395.5717718,"""",166.9,160.7,0.962852007,0.037147993,79.5,400,198.75,
21.08.18,F22,NPK,NPK7,AMF,7,NPK7_AMF,6,640,231.5,69.4,0.299784017,191.8617711,311.5,503.3617711,"""",243.2,234.8,0.965460526,0.034539474,110.9,400,277.25,
21.08.18,F22,NPK,NPK8,AMF,8,NPK8_AMF,7,470,181.9,59,0.324354041,152.4463991,255.2,407.6463991,"""",195.7,188.2,0.961676035,0.038323965,102.7,400,256.75,